filename,sub_class
pantalone_0.png,pantalone formale
pantalone_10.png,pantaloncino
pantalone_1003.png,jeans
pantalone_1021.png,salopette lunga
pantalone_103.png,jeans
pantalone_1035.png,pantaloncino
pantalone_1038.png,salopette lunga
pantalone_104.png,pantalone da ginnastica
pantalone_1048.png,pantaloncino
pantalone_1049.png,pantaloncino
pantalone_105.png,pantalone formale
pantalone_1057.png,jeans
pantalone_106.png,pantalone da ginnastica
pantalone_109.png,jeans
pantalone_1090.png,pantaloncino
pantalone_11.png,pantalone formale
pantalone_110.png,pantalone formale
pantalone_1116.png,salopette lunga
pantalone_112.png,pantalone da ginnastica
pantalone_1128.png,pantaloncino
pantalone_1129.png,pantaloncino
pantalone_113.png,pantalone formale
pantalone_1130.png,salopette corta
pantalone_114.png,pantalone formale
pantalone_115.png,jeans
pantalone_1160.png,pantaloncino
pantalone_1169.png,pantalone da ginnastica
pantalone_117.png,pantalone formale
pantalone_1173.png,pantaloncino
pantalone_1174.png,jeans
pantalone_118.png,pantalone formale
pantalone_1181.png,jeans
pantalone_1196.png,jeans
pantalone_1198.png,pantalone da ginnastica
pantalone_12.png,pantalone formale
pantalone_121.png,pantaloncino
pantalone_1210.png,salopette corta
pantalone_122.png,pantalone formale
pantalone_123.png,jeans
pantalone_124.png,pantalone formale
pantalone_125.png,jeans
pantalone_126.png,jeans
pantalone_127.png,jeans
pantalone_128.png,pantalone da ginnastica
pantalone_13.png,pantalone formale
pantalone_1301.png,salopette corta
pantalone_131.png,pantalone formale
pantalone_132.png,pantaloncino
pantalone_133.png,pantalone formale
pantalone_134.png,pantalone da ginnastica
pantalone_135.png,jeans
pantalone_136.png,pantalone da ginnastica
pantalone_137.png,pantaloncino
pantalone_138.png,pantalone da ginnastica
pantalone_1381.png,pantaloncino
pantalone_139.png,pantalone formale
pantalone_14.png,jeans
pantalone_141.png,pantalone formale
pantalone_142.png,pantalone formale
pantalone_1425.png,jeans
pantalone_1429.png,pantaloncino
pantalone_143.png,pantalone da ginnastica
pantalone_1442.png,pantaloncino
pantalone_1450.png,pantalone da ginnastica
pantalone_146.png,pantalone formale
pantalone_148.png,pantaloncino
pantalone_149.png,pantalone da ginnastica
pantalone_15.png,pantalone formale
pantalone_150.png,pantalone da ginnastica
pantalone_151.png,jeans
pantalone_153.png,pantalone formale
pantalone_156.png,pantalone formale
pantalone_1564.png,pantaloncino
pantalone_157.png,pantalone formale
pantalone_158.png,jeans
pantalone_159.png,pantalone formale
pantalone_16.png,pantalone formale
pantalone_160.png,pantalone formale
pantalone_161.png,pantalone formale
pantalone_162.png,jeans
pantalone_163.png,pantalone da ginnastica
pantalone_164.png,pantalone formale
pantalone_165.png,pantalone formale
pantalone_166.png,pantalone da ginnastica
pantalone_167.png,pantalone formale
pantalone_168.png,pantalone formale
pantalone_169.png,pantalone da ginnastica
pantalone_17.png,pantalone formale
pantalone_170.png,salopette lunga
pantalone_171.png,pantalone formale
pantalone_172.png,jeans
pantalone_173.png,pantalone formale
pantalone_174.png,jeans
pantalone_175.png,pantalone da ginnastica
pantalone_176.png,pantalone formale
pantalone_177.png,pantalone da ginnastica
pantalone_178.png,pantalone formale
pantalone_179.png,pantalone formale
pantalone_181.png,jeans
pantalone_182.png,jeans
pantalone_1821.png,salopette lunga
pantalone_183.png,pantalone formale
pantalone_185.png,pantalone formale
pantalone_186.png,pantalone formale
pantalone_187.png,pantalone da ginnastica
pantalone_188.png,pantalone da ginnastica
pantalone_189.png,pantalone formale
pantalone_19.png,pantalone da ginnastica
pantalone_192.png,jeans
pantalone_193.png,jeans
pantalone_194.png,pantalone formale
pantalone_195.png,pantalone da ginnastica
pantalone_196.png,pantalone formale
pantalone_198.png,pantalone formale
pantalone_199.png,pantalone formale
pantalone_2.png,pantalone formale
pantalone_201.png,pantalone formale
pantalone_2015.png,pantaloncino
pantalone_202.png,pantalone formale
pantalone_2029.png,pantaloncino
pantalone_203.png,jeans
pantalone_204.png,pantalone formale
pantalone_205.png,pantalone formale
pantalone_206.png,pantalone formale
pantalone_208.png,pantalone formale
pantalone_209.png,pantalone da ginnastica
pantalone_21.png,pantaloncino
pantalone_210.png,pantalone formale
pantalone_211.png,pantalone da ginnastica
pantalone_212.png,pantalone formale
pantalone_214.png,pantalone formale
pantalone_2142.png,salopette lunga
pantalone_215.png,pantalone formale
pantalone_217.png,pantalone da ginnastica
pantalone_218.png,pantalone formale
pantalone_219.png,pantalone formale
pantalone_22.png,pantalone formale
pantalone_220.png,pantalone formale
pantalone_221.png,pantalone formale
pantalone_222.png,pantalone formale
pantalone_223.png,pantalone da ginnastica
pantalone_224.png,pantalone da ginnastica
pantalone_2248.png,jeans
pantalone_225.png,pantalone da ginnastica
pantalone_226.png,jeans
pantalone_227.png,pantalone formale
pantalone_228.png,pantalone formale
pantalone_229.png,salopette lunga
pantalone_230.png,jeans
pantalone_232.png,pantalone formale
pantalone_233.png,pantalone formale
pantalone_234.png,pantaloncino
pantalone_235.png,pantalone formale
pantalone_236.png,pantalone formale
pantalone_238.png,jeans
pantalone_24.png,pantalone da ginnastica
pantalone_240.png,pantalone formale
pantalone_241.png,pantalone formale
pantalone_242.png,pantalone formale
pantalone_245.png,jeans
pantalone_248.png,pantalone da ginnastica
pantalone_25.png,pantalone da ginnastica
pantalone_250.png,pantalone formale
pantalone_252.png,pantalone formale
pantalone_253.png,pantalone da ginnastica
pantalone_254.png,jeans
pantalone_255.png,pantalone formale
pantalone_256.png,pantalone formale
pantalone_257.png,pantalone da ginnastica
pantalone_258.png,pantalone formale
pantalone_259.png,pantalone formale
pantalone_26.png,pantalone da ginnastica
pantalone_260.png,pantalone formale
pantalone_261.png,pantalone da ginnastica
pantalone_262.png,pantaloncino
pantalone_263.png,pantalone formale
pantalone_264.png,jeans
pantalone_265.png,pantalone formale
pantalone_268.png,pantalone formale
pantalone_271.png,pantalone formale
pantalone_273.png,pantalone formale
pantalone_274.png,pantalone da ginnastica
pantalone_275.png,pantaloncino
pantalone_276.png,jeans
pantalone_277.png,jeans
pantalone_278.png,jeans
pantalone_2788.png,salopette corta
pantalone_279.png,pantalone formale
pantalone_28.png,pantalone formale
pantalone_280.png,pantalone da ginnastica
pantalone_282.png,pantalone formale
pantalone_283.png,pantalone da ginnastica
pantalone_284.png,pantalone da ginnastica
pantalone_2848.png,salopette corta
pantalone_285.png,pantalone formale
pantalone_286.png,pantalone formale
pantalone_2860.png,salopette lunga
pantalone_287.png,pantalone da ginnastica
pantalone_288.png,pantalone formale
pantalone_289.png,pantalone formale
pantalone_290.png,pantalone formale
pantalone_291.png,pantalone da ginnastica
pantalone_292.png,pantaloncino
pantalone_294.png,jeans
pantalone_295.png,jeans
pantalone_297.png,jeans
pantalone_299.png,pantalone formale
pantalone_3.png,pantalone formale
pantalone_30.png,pantalone formale
pantalone_300.png,pantalone formale
pantalone_303.png,jeans
pantalone_304.png,pantaloncino
pantalone_305.png,pantalone formale
pantalone_306.png,salopette corta
pantalone_3075.png,salopette lunga
pantalone_309.png,jeans
pantalone_31.png,pantalone da ginnastica
pantalone_310.png,pantalone formale
pantalone_311.png,pantalone formale
pantalone_312.png,pantaloncino
pantalone_313.png,jeans
pantalone_3134.png,salopette lunga
pantalone_314.png,pantalone formale
pantalone_315.png,pantalone da ginnastica
pantalone_316.png,jeans
pantalone_317.png,jeans
pantalone_318.png,pantalone formale
pantalone_319.png,pantalone formale
pantalone_32.png,pantalone formale
pantalone_321.png,pantalone formale
pantalone_322.png,pantalone da ginnastica
pantalone_325.png,pantalone da ginnastica
pantalone_3253.png,pantaloncino
pantalone_326.png,pantalone formale
pantalone_327.png,jeans
pantalone_329.png,jeans
pantalone_331.png,jeans
pantalone_332.png,pantalone formale
pantalone_333.png,pantaloncino
pantalone_334.png,jeans
pantalone_336.png,jeans
pantalone_337.png,pantalone formale
pantalone_338.png,jeans
pantalone_339.png,pantalone da ginnastica
pantalone_34.png,pantalone formale
pantalone_344.png,pantalone formale
pantalone_345.png,pantalone formale
pantalone_346.png,jeans
pantalone_347.png,jeans
pantalone_349.png,jeans
pantalone_35.png,pantalone formale
pantalone_351.png,pantaloncino
pantalone_352.png,pantalone da ginnastica
pantalone_3524.png,jeans
pantalone_354.png,pantalone formale
pantalone_355.png,pantalone formale
pantalone_356.png,pantalone formale
pantalone_358.png,pantalone formale
pantalone_36.png,pantalone formale
pantalone_360.png,jeans
pantalone_361.png,pantalone formale
pantalone_362.png,jeans
pantalone_364.png,pantalone formale
pantalone_3644.png,salopette lunga
pantalone_3646.png,salopette lunga
pantalone_365.png,pantalone formale
pantalone_366.png,pantalone da ginnastica
pantalone_367.png,pantalone da ginnastica
pantalone_3675.png,salopette lunga
pantalone_368.png,pantalone formale
pantalone_369.png,pantalone formale
pantalone_37.png,pantalone da ginnastica
pantalone_371.png,jeans
pantalone_372.png,pantalone formale
pantalone_378.png,jeans
pantalone_379.png,jeans
pantalone_38.png,jeans
pantalone_380.png,pantalone formale
pantalone_381.png,pantalone formale
pantalone_382.png,jeans
pantalone_383.png,pantalone formale
pantalone_3838.png,salopette lunga
pantalone_3845.png,salopette lunga
pantalone_385.png,pantalone formale
pantalone_386.png,pantalone formale
pantalone_387.png,pantalone formale
pantalone_388.png,pantaloncino
pantalone_389.png,pantalone formale
pantalone_390.png,pantalone formale
pantalone_391.png,jeans
pantalone_393.png,pantaloncino
pantalone_395.png,pantalone formale
pantalone_396.png,pantalone formale
pantalone_398.png,pantalone formale
pantalone_399.png,pantalone da ginnastica
pantalone_4.png,pantalone da ginnastica
pantalone_40.png,pantalone formale
pantalone_400.png,pantalone formale
pantalone_4001.png,salopette corta
pantalone_401.png,pantalone da ginnastica
pantalone_402.png,pantalone formale
pantalone_403.png,pantalone formale
pantalone_405.png,pantalone da ginnastica
pantalone_406.png,pantalone formale
pantalone_407.png,pantalone da ginnastica
pantalone_408.png,pantalone formale
pantalone_409.png,pantalone formale
pantalone_41.png,pantalone formale
pantalone_413.png,jeans
pantalone_415.png,pantalone formale
pantalone_416.png,jeans
pantalone_417.png,pantaloncino
pantalone_418.png,jeans
pantalone_42.png,pantalone formale
pantalone_420.png,pantalone formale
pantalone_421.png,jeans
pantalone_422.png,jeans
pantalone_423.png,pantalone formale
pantalone_424.png,jeans
pantalone_425.png,pantalone formale
pantalone_427.png,pantalone da ginnastica
pantalone_428.png,pantalone da ginnastica
pantalone_429.png,pantaloncino
pantalone_43.png,pantalone da ginnastica
pantalone_431.png,pantalone formale
pantalone_432.png,pantalone formale
pantalone_433.png,salopette corta
pantalone_434.png,jeans
pantalone_436.png,pantalone formale
pantalone_437.png,jeans
pantalone_438.png,pantalone formale
pantalone_44.png,pantalone formale
pantalone_440.png,jeans
pantalone_441.png,pantalone da ginnastica
pantalone_442.png,pantalone da ginnastica
pantalone_444.png,pantaloncino
pantalone_445.png,pantalone formale
pantalone_446.png,pantalone formale
pantalone_447.png,jeans
pantalone_449.png,pantalone formale
pantalone_45.png,jeans
pantalone_451.png,pantalone da ginnastica
pantalone_452.png,jeans
pantalone_453.png,pantalone formale
pantalone_455.png,jeans
pantalone_457.png,pantalone da ginnastica
pantalone_458.png,pantalone da ginnastica
pantalone_459.png,pantalone formale
pantalone_46.png,jeans
pantalone_460.png,pantalone da ginnastica
pantalone_462.png,jeans
pantalone_467.png,jeans
pantalone_468.png,pantalone formale
pantalone_469.png,pantalone formale
pantalone_47.png,pantalone formale
pantalone_470.png,pantalone formale
pantalone_471.png,pantalone formale
pantalone_4718.png,salopette lunga
pantalone_474.png,pantaloncino
pantalone_478.png,pantalone formale
pantalone_479.png,jeans
pantalone_48.png,pantalone formale
pantalone_480.png,pantalone formale
pantalone_481.png,jeans
pantalone_482.png,pantalone formale
pantalone_484.png,pantalone formale
pantalone_487.png,pantalone formale
pantalone_4871.png,salopette lunga
pantalone_488.png,pantalone da ginnastica
pantalone_489.png,jeans
pantalone_49.png,jeans
pantalone_490.png,salopette lunga
pantalone_491.png,pantalone formale
pantalone_492.png,pantalone da ginnastica
pantalone_493.png,pantalone formale
pantalone_494.png,pantalone da ginnastica
pantalone_495.png,pantalone da ginnastica
pantalone_496.png,pantalone da ginnastica
pantalone_497.png,jeans
pantalone_499.png,salopette lunga
pantalone_5.png,pantalone formale
pantalone_50.png,jeans
pantalone_500.png,pantalone formale
pantalone_501.png,pantalone formale
pantalone_502.png,pantalone formale
pantalone_5023.png,salopette lunga
pantalone_503.png,pantalone formale
pantalone_504.png,pantalone da ginnastica
pantalone_505.png,pantalone formale
pantalone_506.png,jeans
pantalone_508.png,jeans
pantalone_509.png,pantalone formale
pantalone_51.png,jeans
pantalone_511.png,pantaloncino
pantalone_512.png,pantalone formale
pantalone_5150.png,salopette lunga
pantalone_516.png,jeans
pantalone_517.png,jeans
pantalone_518.png,pantalone formale
pantalone_519.png,pantalone formale
pantalone_52.png,pantalone da ginnastica
pantalone_521.png,jeans
pantalone_522.png,jeans
pantalone_525.png,pantalone formale
pantalone_527.png,pantalone formale
pantalone_528.png,pantalone formale
pantalone_53.png,pantalone formale
pantalone_530.png,pantalone formale
pantalone_532.png,jeans
pantalone_534.png,pantalone da ginnastica
pantalone_535.png,pantalone da ginnastica
pantalone_5352.png,salopette lunga
pantalone_536.png,pantalone formale
pantalone_537.png,jeans
pantalone_538.png,pantalone formale
pantalone_54.png,jeans
pantalone_540.png,pantalone da ginnastica
pantalone_541.png,pantalone da ginnastica
pantalone_543.png,jeans
pantalone_544.png,jeans
pantalone_545.png,pantalone formale
pantalone_547.png,pantalone formale
pantalone_548.png,pantalone formale
pantalone_549.png,pantalone formale
pantalone_55.png,pantalone formale
pantalone_551.png,pantalone da ginnastica
pantalone_552.png,jeans
pantalone_553.png,pantalone da ginnastica
pantalone_554.png,pantalone formale
pantalone_556.png,jeans
pantalone_557.png,pantalone da ginnastica
pantalone_56.png,pantalone formale
pantalone_560.png,pantalone formale
pantalone_561.png,jeans
pantalone_562.png,pantalone formale
pantalone_565.png,jeans
pantalone_566.png,pantalone formale
pantalone_5665.png,salopette corta
pantalone_567.png,pantalone formale
pantalone_568.png,pantalone formale
pantalone_569.png,pantalone da ginnastica
pantalone_57.png,jeans
pantalone_570.png,pantalone da ginnastica
pantalone_5709.png,salopette corta
pantalone_572.png,salopette lunga
pantalone_5727.png,salopette corta
pantalone_573.png,pantalone formale
pantalone_574.png,pantaloncino
pantalone_575.png,pantalone formale
pantalone_5760.png,pantaloncino
pantalone_577.png,pantalone formale
pantalone_578.png,pantalone formale
pantalone_579.png,jeans
pantalone_58.png,pantalone formale
pantalone_580.png,pantalone formale
pantalone_581.png,pantalone da ginnastica
pantalone_582.png,pantalone da ginnastica
pantalone_583.png,pantalone formale
pantalone_586.png,pantalone formale
pantalone_588.png,pantalone formale
pantalone_589.png,pantalone formale
pantalone_59.png,pantalone da ginnastica
pantalone_591.png,pantalone formale
pantalone_592.png,jeans
pantalone_594.png,pantaloncino
pantalone_596.png,pantalone formale
pantalone_597.png,pantalone formale
pantalone_598.png,jeans
pantalone_599.png,pantalone da ginnastica
pantalone_6.png,jeans
pantalone_60.png,pantalone formale
pantalone_600.png,pantalone formale
pantalone_601.png,pantaloncino
pantalone_603.png,jeans
pantalone_604.png,pantaloncino
pantalone_605.png,jeans
pantalone_606.png,jeans
pantalone_607.png,pantalone formale
pantalone_61.png,pantalone da ginnastica
pantalone_610.png,pantalone formale
pantalone_611.png,pantalone formale
pantalone_612.png,pantalone da ginnastica
pantalone_613.png,pantalone formale
pantalone_614.png,pantalone da ginnastica
pantalone_617.png,pantalone formale
pantalone_618.png,pantalone formale
pantalone_619.png,pantalone formale
pantalone_62.png,pantaloncino
pantalone_620.png,pantalone da ginnastica
pantalone_621.png,pantalone formale
pantalone_622.png,jeans
pantalone_623.png,jeans
pantalone_624.png,pantalone formale
pantalone_625.png,pantaloncino
pantalone_626.png,pantalone formale
pantalone_628.png,jeans
pantalone_630.png,pantalone formale
pantalone_632.png,pantalone formale
pantalone_633.png,pantalone formale
pantalone_634.png,jeans
pantalone_635.png,pantalone formale
pantalone_636.png,pantalone formale
pantalone_639.png,jeans
pantalone_645.png,pantalone formale
pantalone_646.png,jeans
pantalone_647.png,pantalone formale
pantalone_65.png,jeans
pantalone_650.png,pantalone formale
pantalone_651.png,jeans
pantalone_655.png,jeans
pantalone_656.png,pantalone da ginnastica
pantalone_657.png,jeans
pantalone_659.png,pantalone da ginnastica
pantalone_66.png,pantalone formale
pantalone_660.png,pantalone formale
pantalone_662.png,pantalone formale
pantalone_663.png,pantalone formale
pantalone_665.png,pantalone da ginnastica
pantalone_667.png,pantaloncino
pantalone_67.png,jeans
pantalone_674.png,jeans
pantalone_677.png,pantalone formale
pantalone_68.png,pantalone formale
pantalone_681.png,pantalone formale
pantalone_682.png,pantalone da ginnastica
pantalone_683.png,pantalone formale
pantalone_685.png,pantalone formale
pantalone_686.png,pantalone formale
pantalone_687.png,pantalone formale
pantalone_688.png,pantalone formale
pantalone_689.png,pantaloncino
pantalone_692.png,jeans
pantalone_693.png,jeans
pantalone_695.png,pantaloncino
pantalone_696.png,pantalone da ginnastica
pantalone_697.png,pantalone formale
pantalone_698.png,jeans
pantalone_699.png,jeans
pantalone_7.png,pantalone da ginnastica
pantalone_70.png,pantalone formale
pantalone_700.png,pantalone formale
pantalone_701.png,pantalone formale
pantalone_702.png,jeans
pantalone_703.png,pantalone formale
pantalone_704.png,jeans
pantalone_705.png,pantalone da ginnastica
pantalone_706.png,pantaloncino
pantalone_707.png,pantaloncino
pantalone_71.png,pantalone formale
pantalone_711.png,pantalone formale
pantalone_712.png,salopette lunga
pantalone_713.png,jeans
pantalone_716.png,pantalone formale
pantalone_718.png,jeans
pantalone_72.png,jeans
pantalone_721.png,pantalone formale
pantalone_722.png,jeans
pantalone_723.png,pantalone da ginnastica
pantalone_724.png,pantalone formale
pantalone_725.png,pantalone formale
pantalone_726.png,pantaloncino
pantalone_728.png,pantaloncino
pantalone_73.png,pantalone formale
pantalone_730.png,jeans
pantalone_733.png,pantalone formale
pantalone_734.png,pantalone formale
pantalone_736.png,jeans
pantalone_737.png,pantalone da ginnastica
pantalone_738.png,pantalone da ginnastica
pantalone_740.png,pantalone formale
pantalone_744.png,jeans
pantalone_745.png,salopette corta
pantalone_746.png,jeans
pantalone_747.png,pantalone formale
pantalone_748.png,pantalone formale
pantalone_749.png,pantalone formale
pantalone_751.png,jeans
pantalone_753.png,pantalone formale
pantalone_755.png,pantalone da ginnastica
pantalone_756.png,jeans
pantalone_757.png,pantalone formale
pantalone_758.png,pantalone da ginnastica
pantalone_76.png,pantalone formale
pantalone_760.png,pantaloncino
pantalone_761.png,pantalone formale
pantalone_763.png,pantalone da ginnastica
pantalone_764.png,pantalone formale
pantalone_765.png,pantalone formale
pantalone_766.png,pantalone formale
pantalone_769.png,pantaloncino
pantalone_77.png,pantalone formale
pantalone_770.png,pantalone formale
pantalone_773.png,pantalone formale
pantalone_775.png,pantalone da ginnastica
pantalone_776.png,pantalone da ginnastica
pantalone_777.png,jeans
pantalone_779.png,pantalone formale
pantalone_78.png,pantalone formale
pantalone_780.png,pantalone da ginnastica
pantalone_781.png,jeans
pantalone_782.png,pantalone formale
pantalone_784.png,pantalone formale
pantalone_786.png,pantalone formale
pantalone_789.png,jeans
pantalone_79.png,pantalone formale
pantalone_793.png,pantalone formale
pantalone_794.png,pantalone da ginnastica
pantalone_795.png,pantalone formale
pantalone_799.png,pantalone da ginnastica
pantalone_80.png,pantalone formale
pantalone_800.png,jeans
pantalone_803.png,pantalone da ginnastica
pantalone_804.png,pantaloncino
pantalone_805.png,pantalone formale
pantalone_806.png,pantaloncino
pantalone_807.png,pantalone formale
pantalone_808.png,pantalone da ginnastica
pantalone_809.png,pantalone formale
pantalone_81.png,jeans
pantalone_812.png,pantalone formale
pantalone_813.png,pantalone da ginnastica
pantalone_814.png,pantalone formale
pantalone_815.png,pantalone formale
pantalone_816.png,pantaloncino
pantalone_818.png,pantalone da ginnastica
pantalone_819.png,pantalone formale
pantalone_82.png,jeans
pantalone_820.png,pantalone formale
pantalone_821.png,pantalone formale
pantalone_825.png,jeans
pantalone_826.png,jeans
pantalone_828.png,pantalone formale
pantalone_83.png,pantalone da ginnastica
pantalone_830.png,pantalone da ginnastica
pantalone_831.png,jeans
pantalone_832.png,pantalone formale
pantalone_834.png,jeans
pantalone_835.png,pantaloncino
pantalone_837.png,pantalone formale
pantalone_838.png,pantalone formale
pantalone_840.png,pantalone formale
pantalone_841.png,pantalone formale
pantalone_843.png,pantalone da ginnastica
pantalone_844.png,pantalone formale
pantalone_845.png,pantalone formale
pantalone_846.png,pantalone formale
pantalone_848.png,pantalone formale
pantalone_849.png,pantalone formale
pantalone_85.png,pantalone formale
pantalone_850.png,jeans
pantalone_851.png,pantalone formale
pantalone_852.png,pantaloncino
pantalone_853.png,pantalone formale
pantalone_854.png,pantalone formale
pantalone_856.png,pantalone da ginnastica
pantalone_857.png,pantalone formale
pantalone_858.png,pantalone formale
pantalone_859.png,jeans
pantalone_86.png,jeans
pantalone_861.png,pantaloncino
pantalone_862.png,jeans
pantalone_863.png,pantalone da ginnastica
pantalone_864.png,pantalone formale
pantalone_865.png,jeans
pantalone_866.png,pantalone formale
pantalone_867.png,jeans
pantalone_868.png,pantalone formale
pantalone_869.png,pantalone formale
pantalone_87.png,pantalone da ginnastica
pantalone_870.png,pantalone da ginnastica
pantalone_871.png,pantaloncino
pantalone_872.png,jeans
pantalone_873.png,pantalone da ginnastica
pantalone_874.png,jeans
pantalone_875.png,pantalone formale
pantalone_876.png,pantalone da ginnastica
pantalone_877.png,pantalone da ginnastica
pantalone_878.png,jeans
pantalone_879.png,pantalone formale
pantalone_88.png,pantalone da ginnastica
pantalone_880.png,pantaloncino
pantalone_881.png,jeans
pantalone_883.png,jeans
pantalone_884.png,jeans
pantalone_886.png,pantalone formale
pantalone_887.png,pantalone formale
pantalone_888.png,pantalone formale
pantalone_889.png,pantalone formale
pantalone_890.png,pantalone formale
pantalone_893.png,pantalone formale
pantalone_894.png,jeans
pantalone_896.png,jeans
pantalone_897.png,jeans
pantalone_898.png,pantalone da ginnastica
pantalone_899.png,salopette lunga
pantalone_9.png,pantalone formale
pantalone_90.png,pantalone formale
pantalone_900.png,pantalone formale
pantalone_901.png,pantalone formale
pantalone_903.png,pantalone da ginnastica
pantalone_904.png,pantalone formale
pantalone_905.png,pantalone da ginnastica
pantalone_907.png,pantalone da ginnastica
pantalone_908.png,jeans
pantalone_909.png,pantalone formale
pantalone_91.png,pantalone formale
pantalone_910.png,pantalone da ginnastica
pantalone_911.png,jeans
pantalone_912.png,pantalone da ginnastica
pantalone_914.png,pantalone formale
pantalone_915.png,jeans
pantalone_918.png,pantalone formale
pantalone_919.png,pantalone formale
pantalone_921.png,jeans
pantalone_922.png,pantalone formale
pantalone_924.png,pantalone formale
pantalone_925.png,pantalone formale
pantalone_927.png,salopette lunga
pantalone_928.png,jeans
pantalone_929.png,pantalone formale
pantalone_93.png,pantaloncino
pantalone_930.png,pantaloncino
pantalone_931.png,pantalone da ginnastica
pantalone_933.png,jeans
pantalone_934.png,pantalone formale
pantalone_935.png,pantalone da ginnastica
pantalone_936.png,pantalone formale
pantalone_937.png,pantalone formale
pantalone_938.png,pantalone da ginnastica
pantalone_939.png,pantalone da ginnastica
pantalone_94.png,pantalone da ginnastica
pantalone_940.png,pantalone formale
pantalone_942.png,jeans
pantalone_943.png,pantalone formale
pantalone_944.png,pantalone formale
pantalone_945.png,pantalone formale
pantalone_946.png,pantalone formale
pantalone_947.png,pantalone formale
pantalone_948.png,pantalone formale
pantalone_949.png,pantalone formale
pantalone_95.png,pantalone da ginnastica
pantalone_950.png,jeans
pantalone_952.png,pantalone da ginnastica
pantalone_953.png,jeans
pantalone_954.png,pantaloncino
pantalone_955.png,pantalone formale
pantalone_956.png,jeans
pantalone_957.png,pantalone formale
pantalone_958.png,pantalone formale
pantalone_962.png,jeans
pantalone_963.png,pantalone da ginnastica
pantalone_964.png,pantalone formale
pantalone_966.png,pantaloncino
pantalone_967.png,pantalone formale
pantalone_968.png,pantalone da ginnastica
pantalone_969.png,pantalone formale
pantalone_970.png,jeans
pantalone_971.png,pantaloncino
pantalone_972.png,jeans
pantalone_974.png,pantalone formale
pantalone_975.png,pantalone formale
pantalone_976.png,pantalone formale
pantalone_977.png,pantalone formale
pantalone_979.png,pantalone formale
pantalone_98.png,pantalone da ginnastica
pantalone_980.png,pantalone formale
pantalone_981.png,pantalone formale
pantalone_982.png,pantalone da ginnastica
pantalone_983.png,pantalone formale
pantalone_984.png,pantalone formale
pantalone_985.png,pantalone formale
pantalone_986.png,pantalone formale
pantalone_987.png,pantalone formale
pantalone_989.png,pantalone formale
pantalone_99.png,jeans
pantalone_990.png,pantalone formale
pantalone_991.png,pantalone da ginnastica
pantalone_992.png,pantaloncino
pantalone_994.png,pantalone formale
pantalone_995.png,pantaloncino
ankle_boot_1.png,stivali con tacco
ankle_boot_100.png,stivali con tacco
ankle_boot_1000.png,stivali invernali
ankle_boot_1001.png,stivaletti
ankle_boot_1002.png,stivaletti
ankle_boot_1004.png,stivaletti
ankle_boot_1005.png,stivali
ankle_boot_101.png,stivali con tacco
ankle_boot_102.png,stivali invernali
ankle_boot_103.png,stivali invernali
ankle_boot_106.png,stivali
ankle_boot_111.png,stivali con tacco
ankle_boot_112.png,stivali con tacco
ankle_boot_113.png,stivaletti
ankle_boot_114.png,stivaletti
ankle_boot_115.png,stivali con tacco
ankle_boot_116.png,stivali con tacco
ankle_boot_118.png,stivali con tacco
ankle_boot_119.png,stivali con tacco
ankle_boot_121.png,stivali con tacco
ankle_boot_122.png,stivaletti
ankle_boot_124.png,stivali
ankle_boot_126.png,stivali con tacco
ankle_boot_127.png,stivali
ankle_boot_128.png,stivaletti
ankle_boot_13.png,stivali con tacco
ankle_boot_130.png,stivali con tacco
ankle_boot_131.png,stivali con tacco
ankle_boot_132.png,stivali con tacco
ankle_boot_133.png,stivaletti
ankle_boot_134.png,stivali invernali
ankle_boot_135.png,stivali con tacco
ankle_boot_137.png,stivaletti
ankle_boot_138.png,stivali
ankle_boot_139.png,stivaletti
ankle_boot_140.png,stivaletti
ankle_boot_142.png,stivali con tacco
ankle_boot_144.png,stivaletti
ankle_boot_147.png,stivali con tacco
ankle_boot_149.png,stivaletti
ankle_boot_151.png,stivaletti
ankle_boot_152.png,stivaletti
ankle_boot_153.png,stivali invernali
ankle_boot_154.png,stivali con tacco
ankle_boot_155.png,stivali con tacco
ankle_boot_158.png,stivaletti
ankle_boot_159.png,stivali con tacco
ankle_boot_16.png,stivali
ankle_boot_160.png,stivali con tacco
ankle_boot_163.png,stivali con tacco
ankle_boot_164.png,stivali con tacco
ankle_boot_166.png,stivali con tacco
ankle_boot_167.png,stivali con tacco
ankle_boot_168.png,stivaletti
ankle_boot_169.png,stivaletti
ankle_boot_17.png,stivaletti
ankle_boot_170.png,stivaletti
ankle_boot_172.png,stivali con tacco
ankle_boot_173.png,stivali
ankle_boot_179.png,stivali
ankle_boot_180.png,stivaletti
ankle_boot_183.png,stivali con tacco
ankle_boot_184.png,stivali
ankle_boot_185.png,stivali con tacco
ankle_boot_186.png,stivali
ankle_boot_189.png,stivaletti
ankle_boot_190.png,stivaletti
ankle_boot_191.png,stivaletti
ankle_boot_192.png,stivali
ankle_boot_198.png,stivali con tacco
ankle_boot_199.png,stivali con tacco
ankle_boot_20.png,stivaletti
ankle_boot_201.png,stivali
ankle_boot_207.png,stivali con tacco
ankle_boot_208.png,stivali con tacco
ankle_boot_211.png,stivali con tacco
ankle_boot_212.png,stivali
ankle_boot_213.png,stivaletti
ankle_boot_215.png,stivali con tacco
ankle_boot_216.png,stivali con tacco
ankle_boot_218.png,stivali con tacco
ankle_boot_219.png,stivali
ankle_boot_22.png,stivali
ankle_boot_221.png,stivaletti
ankle_boot_225.png,stivali invernali
ankle_boot_226.png,stivali
ankle_boot_227.png,stivali con tacco
ankle_boot_231.png,stivaletti
ankle_boot_232.png,stivali con tacco
ankle_boot_233.png,stivali
ankle_boot_234.png,stivaletti
ankle_boot_236.png,stivali con tacco
ankle_boot_237.png,stivali
ankle_boot_238.png,stivali con tacco
ankle_boot_239.png,stivaletti
ankle_boot_240.png,stivaletti
ankle_boot_241.png,stivali
ankle_boot_242.png,stivali con tacco
ankle_boot_244.png,stivaletti
ankle_boot_246.png,stivali con tacco
ankle_boot_247.png,stivaletti
ankle_boot_248.png,stivaletti
ankle_boot_249.png,stivaletti
ankle_boot_250.png,stivali invernali
ankle_boot_251.png,stivali
ankle_boot_253.png,stivali con tacco
ankle_boot_254.png,stivaletti
ankle_boot_255.png,stivaletti
ankle_boot_256.png,stivali con tacco
ankle_boot_257.png,stivali
ankle_boot_26.png,stivali con tacco
ankle_boot_260.png,stivali con tacco
ankle_boot_261.png,stivali con tacco
ankle_boot_262.png,stivali invernali
ankle_boot_265.png,stivaletti
ankle_boot_266.png,stivali
ankle_boot_267.png,stivaletti
ankle_boot_269.png,stivali con tacco
ankle_boot_27.png,stivaletti
ankle_boot_270.png,stivali con tacco
ankle_boot_272.png,stivali con tacco
ankle_boot_273.png,stivaletti
ankle_boot_274.png,stivali con tacco
ankle_boot_275.png,stivaletti
ankle_boot_276.png,stivali con tacco
ankle_boot_277.png,stivali con tacco
ankle_boot_279.png,stivaletti
ankle_boot_280.png,stivali
ankle_boot_283.png,stivaletti
ankle_boot_285.png,stivali
ankle_boot_286.png,stivali invernali
ankle_boot_288.png,stivali con tacco
ankle_boot_290.png,stivali con tacco
ankle_boot_292.png,stivaletti
ankle_boot_294.png,stivali con tacco
ankle_boot_298.png,stivali con tacco
ankle_boot_299.png,stivali
ankle_boot_300.png,stivaletti
ankle_boot_301.png,stivaletti
ankle_boot_303.png,stivali con tacco
ankle_boot_305.png,stivaletti
ankle_boot_307.png,stivali con tacco
ankle_boot_308.png,stivali con tacco
ankle_boot_31.png,stivali con tacco
ankle_boot_311.png,stivali con tacco
ankle_boot_316.png,stivali con tacco
ankle_boot_318.png,stivaletti
ankle_boot_319.png,stivali con tacco
ankle_boot_32.png,stivaletti
ankle_boot_322.png,stivaletti
ankle_boot_323.png,stivali
ankle_boot_325.png,stivaletti
ankle_boot_326.png,stivali con tacco
ankle_boot_330.png,stivali con tacco
ankle_boot_332.png,stivaletti
ankle_boot_334.png,stivaletti
ankle_boot_335.png,stivaletti
ankle_boot_337.png,stivaletti
ankle_boot_339.png,stivali con tacco
ankle_boot_35.png,stivaletti
ankle_boot_351.png,stivaletti
ankle_boot_353.png,stivali con tacco
ankle_boot_354.png,stivali invernali
ankle_boot_356.png,stivali con tacco
ankle_boot_357.png,stivaletti
ankle_boot_358.png,stivali
ankle_boot_361.png,stivali con tacco
ankle_boot_363.png,stivali con tacco
ankle_boot_364.png,stivaletti
ankle_boot_366.png,stivali con tacco
ankle_boot_367.png,stivaletti
ankle_boot_368.png,stivaletti
ankle_boot_370.png,stivali invernali
ankle_boot_371.png,stivali invernali
ankle_boot_372.png,stivaletti
ankle_boot_373.png,stivaletti
ankle_boot_374.png,stivaletti
ankle_boot_377.png,stivali con tacco
ankle_boot_378.png,stivali con tacco
ankle_boot_380.png,stivali con tacco
ankle_boot_382.png,stivaletti
ankle_boot_383.png,stivali
ankle_boot_39.png,stivali con tacco
ankle_boot_390.png,stivali con tacco
ankle_boot_391.png,stivali invernali
ankle_boot_396.png,stivali con tacco
ankle_boot_397.png,stivali con tacco
ankle_boot_4.png,stivali con tacco
ankle_boot_40.png,stivali con tacco
ankle_boot_400.png,stivali con tacco
ankle_boot_401.png,stivali con tacco
ankle_boot_403.png,stivali con tacco
ankle_boot_404.png,stivali con tacco
ankle_boot_406.png,stivali con tacco
ankle_boot_407.png,stivaletti
ankle_boot_409.png,stivaletti
ankle_boot_41.png,stivali
ankle_boot_410.png,stivaletti
ankle_boot_412.png,stivaletti
ankle_boot_415.png,stivali con tacco
ankle_boot_416.png,stivali
ankle_boot_418.png,stivali con tacco
ankle_boot_42.png,stivaletti
ankle_boot_420.png,stivali
ankle_boot_422.png,stivali con tacco
ankle_boot_424.png,stivali con tacco
ankle_boot_425.png,stivaletti
ankle_boot_428.png,stivaletti
ankle_boot_43.png,stivali
ankle_boot_430.png,stivali invernali
ankle_boot_432.png,stivali con tacco
ankle_boot_433.png,stivali invernali
ankle_boot_434.png,stivaletti
ankle_boot_436.png,stivali con tacco
ankle_boot_439.png,stivali con tacco
ankle_boot_44.png,stivali invernali
ankle_boot_441.png,stivaletti
ankle_boot_443.png,stivaletti
ankle_boot_446.png,stivali con tacco
ankle_boot_447.png,stivaletti
ankle_boot_448.png,stivaletti
ankle_boot_452.png,stivali con tacco
ankle_boot_454.png,stivaletti
ankle_boot_455.png,stivali con tacco
ankle_boot_456.png,stivali con tacco
ankle_boot_457.png,stivali con tacco
ankle_boot_458.png,stivali con tacco
ankle_boot_461.png,stivali con tacco
ankle_boot_463.png,stivaletti
ankle_boot_467.png,stivaletti
ankle_boot_468.png,stivaletti
ankle_boot_47.png,stivaletti
ankle_boot_470.png,stivali
ankle_boot_471.png,stivali con tacco
ankle_boot_472.png,stivaletti
ankle_boot_473.png,stivali invernali
ankle_boot_474.png,stivaletti
ankle_boot_475.png,stivali
ankle_boot_477.png,stivali con tacco
ankle_boot_478.png,stivali
ankle_boot_479.png,stivali con tacco
ankle_boot_48.png,stivaletti
ankle_boot_481.png,stivali con tacco
ankle_boot_483.png,stivali con tacco
ankle_boot_484.png,stivali con tacco
ankle_boot_486.png,stivaletti
ankle_boot_487.png,stivaletti
ankle_boot_488.png,stivaletti
ankle_boot_49.png,stivaletti
ankle_boot_491.png,stivali con tacco
ankle_boot_492.png,stivaletti
ankle_boot_493.png,stivali
ankle_boot_494.png,stivaletti
ankle_boot_495.png,stivaletti
ankle_boot_497.png,stivaletti
ankle_boot_498.png,stivaletti
ankle_boot_500.png,stivali con tacco
ankle_boot_501.png,stivaletti
ankle_boot_503.png,stivali con tacco
ankle_boot_505.png,stivali
ankle_boot_506.png,stivali
ankle_boot_507.png,stivali invernali
ankle_boot_508.png,stivaletti
ankle_boot_51.png,stivaletti
ankle_boot_512.png,stivali
ankle_boot_514.png,stivaletti
ankle_boot_515.png,stivali con tacco
ankle_boot_516.png,stivali con tacco
ankle_boot_518.png,stivali
ankle_boot_520.png,stivali con tacco
ankle_boot_524.png,stivali
ankle_boot_526.png,stivali con tacco
ankle_boot_527.png,stivali con tacco
ankle_boot_529.png,stivali
ankle_boot_53.png,stivali
ankle_boot_531.png,stivali con tacco
ankle_boot_536.png,stivaletti
ankle_boot_538.png,stivali con tacco
ankle_boot_54.png,stivali invernali
ankle_boot_540.png,stivali con tacco
ankle_boot_542.png,stivali con tacco
ankle_boot_544.png,stivali con tacco
ankle_boot_545.png,stivali con tacco
ankle_boot_546.png,stivaletti
ankle_boot_547.png,stivali
ankle_boot_549.png,stivaletti
ankle_boot_55.png,stivaletti
ankle_boot_550.png,stivali
ankle_boot_552.png,stivali con tacco
ankle_boot_553.png,stivaletti
ankle_boot_555.png,stivali con tacco
ankle_boot_557.png,stivaletti
ankle_boot_558.png,stivali
ankle_boot_559.png,stivali con tacco
ankle_boot_56.png,stivali invernali
ankle_boot_561.png,stivali
ankle_boot_562.png,stivaletti
ankle_boot_563.png,stivali
ankle_boot_565.png,stivali con tacco
ankle_boot_566.png,stivali con tacco
ankle_boot_569.png,stivali con tacco
ankle_boot_57.png,stivali con tacco
ankle_boot_570.png,stivali con tacco
ankle_boot_574.png,stivali con tacco
ankle_boot_575.png,stivaletti
ankle_boot_576.png,stivali
ankle_boot_578.png,stivali
ankle_boot_58.png,stivali con tacco
ankle_boot_580.png,stivaletti
ankle_boot_584.png,stivaletti
ankle_boot_585.png,stivali con tacco
ankle_boot_589.png,stivaletti
ankle_boot_590.png,stivali con tacco
ankle_boot_591.png,stivali con tacco
ankle_boot_592.png,stivali
ankle_boot_593.png,stivali con tacco
ankle_boot_594.png,stivaletti
ankle_boot_595.png,stivaletti
ankle_boot_596.png,stivali con tacco
ankle_boot_597.png,stivali con tacco
ankle_boot_598.png,stivali con tacco
ankle_boot_599.png,stivaletti
ankle_boot_6.png,stivali invernali
ankle_boot_600.png,stivali invernali
ankle_boot_601.png,stivaletti
ankle_boot_602.png,stivali con tacco
ankle_boot_604.png,stivaletti
ankle_boot_605.png,stivaletti
ankle_boot_607.png,stivaletti
ankle_boot_608.png,stivaletti
ankle_boot_609.png,stivali
ankle_boot_610.png,stivaletti
ankle_boot_611.png,stivali con tacco
ankle_boot_612.png,stivaletti
ankle_boot_613.png,stivaletti
ankle_boot_614.png,stivali con tacco
ankle_boot_615.png,stivali
ankle_boot_616.png,stivali
ankle_boot_617.png,stivaletti
ankle_boot_619.png,stivali con tacco
ankle_boot_620.png,stivali
ankle_boot_621.png,stivali con tacco
ankle_boot_622.png,stivaletti
ankle_boot_623.png,stivaletti
ankle_boot_624.png,stivaletti
ankle_boot_626.png,stivali con tacco
ankle_boot_628.png,stivali
ankle_boot_629.png,stivaletti
ankle_boot_63.png,stivali con tacco
ankle_boot_630.png,stivaletti
ankle_boot_631.png,stivali
ankle_boot_632.png,stivaletti
ankle_boot_635.png,stivaletti
ankle_boot_64.png,stivali con tacco
ankle_boot_640.png,stivali con tacco
ankle_boot_641.png,stivali
ankle_boot_642.png,stivali con tacco
ankle_boot_643.png,stivali con tacco
ankle_boot_644.png,stivaletti
ankle_boot_645.png,stivali con tacco
ankle_boot_649.png,stivali
ankle_boot_65.png,stivali con tacco
ankle_boot_653.png,stivali
ankle_boot_654.png,stivaletti
ankle_boot_658.png,stivali
ankle_boot_659.png,stivaletti
ankle_boot_660.png,stivaletti
ankle_boot_661.png,stivali
ankle_boot_662.png,stivali con tacco
ankle_boot_663.png,stivali con tacco
ankle_boot_667.png,stivali invernali
ankle_boot_668.png,stivaletti
ankle_boot_669.png,stivaletti
ankle_boot_67.png,stivaletti
ankle_boot_670.png,stivali con tacco
ankle_boot_672.png,stivali
ankle_boot_673.png,stivaletti
ankle_boot_675.png,stivali
ankle_boot_676.png,stivali con tacco
ankle_boot_677.png,stivaletti
ankle_boot_678.png,stivaletti
ankle_boot_680.png,stivali con tacco
ankle_boot_681.png,stivaletti
ankle_boot_682.png,stivaletti
ankle_boot_684.png,stivaletti
ankle_boot_685.png,stivali con tacco
ankle_boot_686.png,stivali con tacco
ankle_boot_688.png,stivali
ankle_boot_689.png,stivaletti
ankle_boot_69.png,stivali con tacco
ankle_boot_692.png,stivali con tacco
ankle_boot_693.png,stivali con tacco
ankle_boot_695.png,stivali con tacco
ankle_boot_697.png,stivaletti
ankle_boot_698.png,stivali
ankle_boot_699.png,stivaletti
ankle_boot_7.png,stivali con tacco
ankle_boot_701.png,stivali con tacco
ankle_boot_708.png,stivaletti
ankle_boot_71.png,stivali
ankle_boot_710.png,stivaletti
ankle_boot_712.png,stivali con tacco
ankle_boot_714.png,stivaletti
ankle_boot_716.png,stivali con tacco
ankle_boot_717.png,stivali con tacco
ankle_boot_720.png,stivali con tacco
ankle_boot_727.png,stivali con tacco
ankle_boot_728.png,stivaletti
ankle_boot_729.png,stivali con tacco
ankle_boot_73.png,stivali con tacco
ankle_boot_730.png,stivali invernali
ankle_boot_731.png,stivaletti
ankle_boot_732.png,stivaletti
ankle_boot_733.png,stivaletti
ankle_boot_738.png,stivaletti
ankle_boot_74.png,stivali con tacco
ankle_boot_740.png,stivali con tacco
ankle_boot_741.png,stivali con tacco
ankle_boot_745.png,stivali
ankle_boot_747.png,stivali con tacco
ankle_boot_748.png,stivaletti
ankle_boot_749.png,stivali
ankle_boot_75.png,stivaletti
ankle_boot_750.png,stivaletti
ankle_boot_751.png,stivali con tacco
ankle_boot_753.png,stivali
ankle_boot_754.png,stivaletti
ankle_boot_756.png,stivali
ankle_boot_757.png,stivaletti
ankle_boot_758.png,stivali con tacco
ankle_boot_76.png,stivali con tacco
ankle_boot_760.png,stivaletti
ankle_boot_762.png,stivali con tacco
ankle_boot_763.png,stivaletti
ankle_boot_764.png,stivali
ankle_boot_765.png,stivali con tacco
ankle_boot_767.png,stivali invernali
ankle_boot_769.png,stivaletti
ankle_boot_77.png,stivali con tacco
ankle_boot_770.png,stivaletti
ankle_boot_772.png,stivaletti
ankle_boot_777.png,stivaletti
ankle_boot_779.png,stivali con tacco
ankle_boot_780.png,stivali con tacco
ankle_boot_781.png,stivaletti
ankle_boot_782.png,stivali
ankle_boot_783.png,stivaletti
ankle_boot_784.png,stivaletti
ankle_boot_785.png,stivali con tacco
ankle_boot_786.png,stivaletti
ankle_boot_79.png,stivali invernali
ankle_boot_790.png,stivaletti
ankle_boot_791.png,stivali con tacco
ankle_boot_792.png,stivali con tacco
ankle_boot_795.png,stivali con tacco
ankle_boot_797.png,stivali invernali
ankle_boot_799.png,stivaletti
ankle_boot_80.png,stivaletti
ankle_boot_800.png,stivali
ankle_boot_803.png,stivaletti
ankle_boot_805.png,stivali con tacco
ankle_boot_806.png,stivaletti
ankle_boot_807.png,stivaletti
ankle_boot_808.png,stivali con tacco
ankle_boot_809.png,stivali con tacco
ankle_boot_81.png,stivaletti
ankle_boot_810.png,stivali
ankle_boot_811.png,stivali
ankle_boot_813.png,stivali invernali
ankle_boot_816.png,stivali
ankle_boot_817.png,stivali con tacco
ankle_boot_818.png,stivaletti
ankle_boot_819.png,stivali
ankle_boot_82.png,stivali invernali
ankle_boot_820.png,stivaletti
ankle_boot_821.png,stivali invernali
ankle_boot_822.png,stivali con tacco
ankle_boot_823.png,stivaletti
ankle_boot_824.png,stivali
ankle_boot_825.png,stivaletti
ankle_boot_826.png,stivali invernali
ankle_boot_827.png,stivaletti
ankle_boot_828.png,stivali con tacco
ankle_boot_83.png,stivaletti
ankle_boot_830.png,stivali con tacco
ankle_boot_831.png,stivali con tacco
ankle_boot_832.png,stivali con tacco
ankle_boot_833.png,stivali con tacco
ankle_boot_834.png,stivaletti
ankle_boot_836.png,stivaletti
ankle_boot_837.png,stivali con tacco
ankle_boot_838.png,stivaletti
ankle_boot_84.png,stivali
ankle_boot_841.png,stivali
ankle_boot_842.png,stivaletti
ankle_boot_843.png,stivali con tacco
ankle_boot_845.png,stivali
ankle_boot_846.png,stivaletti
ankle_boot_848.png,stivaletti
ankle_boot_849.png,stivaletti
ankle_boot_850.png,stivali con tacco
ankle_boot_851.png,stivaletti
ankle_boot_854.png,stivali
ankle_boot_856.png,stivaletti
ankle_boot_858.png,stivali invernali
ankle_boot_859.png,stivali con tacco
ankle_boot_865.png,stivali con tacco
ankle_boot_866.png,stivaletti
ankle_boot_868.png,stivali
ankle_boot_869.png,stivali con tacco
ankle_boot_87.png,stivaletti
ankle_boot_870.png,stivaletti
ankle_boot_872.png,stivaletti
ankle_boot_873.png,stivali con tacco
ankle_boot_875.png,stivaletti
ankle_boot_877.png,stivali con tacco
ankle_boot_879.png,stivaletti
ankle_boot_88.png,stivaletti
ankle_boot_880.png,stivali invernali
ankle_boot_881.png,stivali con tacco
ankle_boot_883.png,stivali con tacco
ankle_boot_884.png,stivaletti
ankle_boot_885.png,stivaletti
ankle_boot_887.png,stivali con tacco
ankle_boot_889.png,stivaletti
ankle_boot_89.png,stivali
ankle_boot_890.png,stivali con tacco
ankle_boot_891.png,stivali con tacco
ankle_boot_892.png,stivali con tacco
ankle_boot_893.png,stivali invernali
ankle_boot_896.png,stivaletti
ankle_boot_897.png,stivali invernali
ankle_boot_898.png,stivaletti
ankle_boot_899.png,stivali con tacco
ankle_boot_9.png,stivaletti
ankle_boot_90.png,stivaletti
ankle_boot_900.png,stivaletti
ankle_boot_903.png,stivali
ankle_boot_905.png,stivaletti
ankle_boot_906.png,stivali
ankle_boot_908.png,stivali con tacco
ankle_boot_909.png,stivali
ankle_boot_91.png,stivaletti
ankle_boot_910.png,stivaletti
ankle_boot_911.png,stivali con tacco
ankle_boot_915.png,stivali
ankle_boot_916.png,stivali con tacco
ankle_boot_917.png,stivali
ankle_boot_918.png,stivaletti
ankle_boot_919.png,stivali invernali
ankle_boot_92.png,stivaletti
ankle_boot_920.png,stivaletti
ankle_boot_922.png,stivaletti
ankle_boot_924.png,stivaletti
ankle_boot_925.png,stivaletti
ankle_boot_928.png,stivaletti
ankle_boot_929.png,stivaletti
ankle_boot_93.png,stivali
ankle_boot_930.png,stivaletti
ankle_boot_931.png,stivali con tacco
ankle_boot_932.png,stivali invernali
ankle_boot_933.png,stivali con tacco
ankle_boot_934.png,stivali con tacco
ankle_boot_935.png,stivali con tacco
ankle_boot_936.png,stivali
ankle_boot_937.png,stivali
ankle_boot_939.png,stivaletti
ankle_boot_94.png,stivaletti
ankle_boot_942.png,stivaletti
ankle_boot_943.png,stivali
ankle_boot_944.png,stivali con tacco
ankle_boot_945.png,stivali con tacco
ankle_boot_946.png,stivali con tacco
ankle_boot_947.png,stivaletti
ankle_boot_948.png,stivaletti
ankle_boot_949.png,stivali con tacco
ankle_boot_95.png,stivali
ankle_boot_950.png,stivali
ankle_boot_951.png,stivali con tacco
ankle_boot_952.png,stivaletti
ankle_boot_953.png,stivaletti
ankle_boot_954.png,stivali con tacco
ankle_boot_955.png,stivaletti
ankle_boot_956.png,stivali con tacco
ankle_boot_957.png,stivaletti
ankle_boot_958.png,stivaletti
ankle_boot_959.png,stivali con tacco
ankle_boot_960.png,stivali con tacco
ankle_boot_961.png,stivali
ankle_boot_962.png,stivaletti
ankle_boot_964.png,stivaletti
ankle_boot_965.png,stivaletti
ankle_boot_966.png,stivali
ankle_boot_967.png,stivaletti
ankle_boot_968.png,stivali con tacco
ankle_boot_969.png,stivali con tacco
ankle_boot_97.png,stivali con tacco
ankle_boot_970.png,stivaletti
ankle_boot_971.png,stivali con tacco
ankle_boot_972.png,stivaletti
ankle_boot_974.png,stivaletti
ankle_boot_976.png,stivaletti
ankle_boot_977.png,stivaletti
ankle_boot_978.png,stivaletti
ankle_boot_979.png,stivaletti
ankle_boot_98.png,stivaletti
ankle_boot_980.png,stivaletti
ankle_boot_981.png,stivali
ankle_boot_982.png,stivali con tacco
ankle_boot_983.png,stivali
ankle_boot_984.png,stivali
ankle_boot_985.png,stivaletti
ankle_boot_986.png,stivali
ankle_boot_987.png,stivaletti
ankle_boot_988.png,stivali con tacco
ankle_boot_989.png,stivali con tacco
ankle_boot_990.png,stivaletti
ankle_boot_991.png,stivaletti
ankle_boot_992.png,stivali con tacco
ankle_boot_994.png,stivali con tacco
ankle_boot_995.png,stivali
ankle_boot_996.png,stivaletti
ankle_boot_997.png,stivali con tacco
ankle_boot_999.png,stivaletti
sandal_0.png,sandali con tacco
sandal_1.png,sandali con tacco
sandal_10.png,sandali con tacco
sandal_100.png,ciabatte
sandal_1000.png,ciabatte
sandal_1001.png,sandali classici
sandal_1002.png,sandali classici
sandal_1003.png,sandali con tacco
sandal_1004.png,sandali con tacco
sandal_1005.png,sandali classici
sandal_1006.png,sandali classici
sandal_1007.png,sandali con tacco
sandal_1008.png,sandali classici
sandal_1009.png,sandali con tacco
sandal_101.png,sandali classici
sandal_1012.png,sandali con tacco
sandal_1013.png,sandali classici
sandal_1016.png,sandali con tacco
sandal_102.png,ciabatte
sandal_103.png,ciabatte
sandal_105.png,ciabatte
sandal_106.png,sandali con tacco
sandal_107.png,sandali classici
sandal_110.png,sandali con tacco
sandal_111.png,sandali con tacco
sandal_112.png,sandali con tacco
sandal_113.png,sandali con tacco
sandal_114.png,sandali classici
sandal_116.png,sandali classici
sandal_117.png,sandali classici
sandal_118.png,sandali con tacco
sandal_119.png,sandali classici
sandal_12.png,sandali classici
sandal_120.png,sandali classici
sandal_122.png,sandali con tacco
sandal_123.png,sandali classici
sandal_124.png,sandali con tacco
sandal_125.png,sandali con tacco
sandal_127.png,sandali classici
sandal_128.png,ciabatte
sandal_129.png,sandali classici
sandal_131.png,sandali classici
sandal_132.png,sandali con tacco
sandal_135.png,sandali classici
sandal_137.png,sandali classici
sandal_1378.png,ciabatte
sandal_138.png,sandali classici
sandal_139.png,sandali con tacco
sandal_14.png,sandali classici
sandal_140.png,sandali con tacco
sandal_142.png,sandali con tacco
sandal_144.png,sandali classici
sandal_145.png,sandali classici
sandal_147.png,sandali classici
sandal_148.png,ciabatte
sandal_15.png,sandali classici
sandal_150.png,sandali classici
sandal_154.png,sandali classici
sandal_155.png,sandali con tacco
sandal_156.png,sandali con tacco
sandal_158.png,sandali classici
sandal_159.png,sandali con tacco
sandal_16.png,sandali con tacco
sandal_162.png,sandali con tacco
sandal_163.png,sandali con tacco
sandal_17.png,sandali con tacco
sandal_18.png,sandali classici
sandal_180.png,sandali classici
sandal_181.png,sandali con tacco
sandal_183.png,sandali con tacco
sandal_187.png,sandali con tacco
sandal_188.png,sandali con tacco
sandal_189.png,sandali con tacco
sandal_19.png,sandali con tacco
sandal_190.png,sandali con tacco
sandal_191.png,sandali con tacco
sandal_195.png,sandali classici
sandal_196.png,ciabatte
sandal_198.png,sandali con tacco
sandal_199.png,sandali classici
sandal_2.png,sandali classici
sandal_20.png,sandali classici
sandal_200.png,ciabatte
sandal_202.png,sandali con tacco
sandal_203.png,sandali con tacco
sandal_205.png,sandali con tacco
sandal_206.png,sandali con tacco
sandal_207.png,sandali con tacco
sandal_208.png,ciabatte
sandal_209.png,sandali con tacco
sandal_21.png,sandali con tacco
sandal_210.png,ciabatte
sandal_211.png,ciabatte
sandal_212.png,sandali con tacco
sandal_214.png,sandali classici
sandal_215.png,sandali con tacco
sandal_216.png,sandali con tacco
sandal_217.png,sandali classici
sandal_218.png,sandali con tacco
sandal_219.png,sandali con tacco
sandal_22.png,sandali con tacco
sandal_220.png,sandali con tacco
sandal_221.png,sandali con tacco
sandal_222.png,sandali con tacco
sandal_224.png,sandali con tacco
sandal_225.png,sandali con tacco
sandal_227.png,sandali classici
sandal_228.png,sandali classici
sandal_229.png,sandali classici
sandal_230.png,sandali con tacco
sandal_232.png,sandali con tacco
sandal_233.png,sandali con tacco
sandal_234.png,sandali classici
sandal_235.png,sandali con tacco
sandal_236.png,sandali classici
sandal_237.png,sandali classici
sandal_239.png,sandali classici
sandal_240.png,sandali con tacco
sandal_243.png,sandali con tacco
sandal_244.png,sandali classici
sandal_246.png,sandali con tacco
sandal_248.png,sandali con tacco
sandal_249.png,sandali con tacco
sandal_25.png,sandali con tacco
sandal_252.png,sandali classici
sandal_254.png,sandali con tacco
sandal_255.png,sandali classici
sandal_257.png,sandali classici
sandal_258.png,ciabatte
sandal_260.png,sandali con tacco
sandal_262.png,sandali con tacco
sandal_263.png,sandali con tacco
sandal_264.png,sandali con tacco
sandal_265.png,sandali classici
sandal_266.png,sandali classici
sandal_267.png,sandali con tacco
sandal_269.png,sandali classici
sandal_271.png,sandali con tacco
sandal_274.png,ciabatte
sandal_277.png,sandali classici
sandal_279.png,sandali classici
sandal_28.png,sandali classici
sandal_280.png,sandali con tacco
sandal_281.png,ciabatte
sandal_282.png,sandali con tacco
sandal_283.png,sandali classici
sandal_284.png,sandali classici
sandal_285.png,sandali classici
sandal_286.png,ciabatte
sandal_287.png,sandali con tacco
sandal_288.png,sandali classici
sandal_289.png,sandali con tacco
sandal_29.png,sandali classici
sandal_290.png,ciabatte
sandal_291.png,sandali classici
sandal_292.png,sandali classici
sandal_293.png,sandali con tacco
sandal_294.png,sandali classici
sandal_295.png,sandali classici
sandal_296.png,sandali classici
sandal_297.png,sandali classici
sandal_298.png,sandali classici
sandal_299.png,ciabatte
sandal_30.png,sandali con tacco
sandal_300.png,sandali classici
sandal_302.png,sandali con tacco
sandal_303.png,sandali classici
sandal_304.png,sandali con tacco
sandal_305.png,ciabatte
sandal_306.png,sandali con tacco
sandal_307.png,sandali con tacco
sandal_308.png,ciabatte
sandal_309.png,ciabatte
sandal_31.png,sandali classici
sandal_310.png,sandali con tacco
sandal_311.png,sandali con tacco
sandal_312.png,sandali classici
sandal_314.png,sandali classici
sandal_315.png,sandali con tacco
sandal_316.png,sandali classici
sandal_317.png,sandali classici
sandal_318.png,sandali con tacco
sandal_32.png,sandali con tacco
sandal_320.png,sandali classici
sandal_321.png,sandali con tacco
sandal_322.png,sandali classici
sandal_323.png,sandali classici
sandal_34.png,sandali classici
sandal_36.png,sandali classici
sandal_38.png,sandali con tacco
sandal_394.png,sandali classici
sandal_396.png,sandali classici
sandal_397.png,sandali classici
sandal_4.png,ciabatte
sandal_400.png,sandali classici
sandal_401.png,sandali classici
sandal_402.png,sandali con tacco
sandal_403.png,sandali con tacco
sandal_404.png,sandali classici
sandal_405.png,sandali classici
sandal_406.png,sandali con tacco
sandal_407.png,sandali classici
sandal_408.png,sandali con tacco
sandal_409.png,sandali classici
sandal_411.png,sandali con tacco
sandal_412.png,sandali classici
sandal_413.png,sandali con tacco
sandal_414.png,sandali classici
sandal_415.png,sandali classici
sandal_416.png,sandali con tacco
sandal_417.png,sandali classici
sandal_418.png,sandali classici
sandal_42.png,sandali classici
sandal_420.png,sandali classici
sandal_421.png,sandali classici
sandal_422.png,sandali classici
sandal_423.png,sandali con tacco
sandal_425.png,sandali con tacco
sandal_426.png,sandali classici
sandal_428.png,sandali con tacco
sandal_429.png,sandali classici
sandal_431.png,sandali classici
sandal_432.png,sandali con tacco
sandal_433.png,sandali con tacco
sandal_434.png,ciabatte
sandal_436.png,sandali con tacco
sandal_437.png,sandali con tacco
sandal_438.png,sandali con tacco
sandal_439.png,sandali con tacco
sandal_44.png,sandali classici
sandal_440.png,sandali con tacco
sandal_442.png,sandali classici
sandal_443.png,sandali classici
sandal_444.png,sandali classici
sandal_445.png,sandali classici
sandal_446.png,sandali con tacco
sandal_447.png,sandali classici
sandal_448.png,sandali con tacco
sandal_449.png,sandali classici
sandal_45.png,sandali classici
sandal_450.png,sandali con tacco
sandal_451.png,sandali con tacco
sandal_452.png,sandali classici
sandal_453.png,sandali con tacco
sandal_454.png,sandali classici
sandal_455.png,sandali con tacco
sandal_456.png,sandali con tacco
sandal_457.png,sandali classici
sandal_458.png,sandali classici
sandal_459.png,sandali con tacco
sandal_460.png,sandali con tacco
sandal_461.png,sandali classici
sandal_462.png,sandali classici
sandal_463.png,sandali classici
sandal_464.png,sandali con tacco
sandal_466.png,sandali classici
sandal_467.png,sandali classici
sandal_468.png,sandali con tacco
sandal_469.png,sandali con tacco
sandal_470.png,sandali con tacco
sandal_472.png,sandali classici
sandal_474.png,sandali con tacco
sandal_475.png,sandali con tacco
sandal_476.png,ciabatte
sandal_477.png,sandali classici
sandal_478.png,sandali con tacco
sandal_479.png,sandali classici
sandal_48.png,sandali con tacco
sandal_480.png,ciabatte
sandal_481.png,sandali classici
sandal_484.png,sandali con tacco
sandal_485.png,sandali classici
sandal_486.png,sandali classici
sandal_487.png,sandali con tacco
sandal_489.png,sandali con tacco
sandal_49.png,sandali con tacco
sandal_490.png,sandali con tacco
sandal_491.png,sandali con tacco
sandal_493.png,sandali con tacco
sandal_494.png,sandali classici
sandal_495.png,sandali con tacco
sandal_496.png,sandali con tacco
sandal_497.png,sandali con tacco
sandal_498.png,sandali con tacco
sandal_499.png,sandali con tacco
sandal_50.png,sandali classici
sandal_500.png,sandali con tacco
sandal_501.png,sandali con tacco
sandal_502.png,sandali classici
sandal_503.png,sandali con tacco
sandal_504.png,sandali con tacco
sandal_505.png,ciabatte
sandal_506.png,sandali con tacco
sandal_507.png,sandali con tacco
sandal_509.png,sandali classici
sandal_51.png,sandali con tacco
sandal_510.png,sandali classici
sandal_511.png,sandali con tacco
sandal_512.png,sandali classici
sandal_513.png,sandali con tacco
sandal_514.png,sandali con tacco
sandal_515.png,sandali con tacco
sandal_516.png,sandali classici
sandal_517.png,sandali con tacco
sandal_519.png,ciabatte
sandal_52.png,sandali con tacco
sandal_521.png,sandali con tacco
sandal_522.png,ciabatte
sandal_523.png,sandali classici
sandal_524.png,sandali classici
sandal_525.png,sandali classici
sandal_526.png,sandali con tacco
sandal_528.png,sandali con tacco
sandal_529.png,sandali con tacco
sandal_53.png,sandali classici
sandal_530.png,sandali con tacco
sandal_531.png,sandali con tacco
sandal_532.png,sandali con tacco
sandal_533.png,ciabatte
sandal_534.png,sandali classici
sandal_535.png,sandali con tacco
sandal_536.png,sandali classici
sandal_537.png,sandali classici
sandal_538.png,sandali classici
sandal_539.png,sandali classici
sandal_54.png,ciabatte
sandal_540.png,sandali classici
sandal_541.png,sandali classici
sandal_542.png,sandali con tacco
sandal_543.png,sandali con tacco
sandal_544.png,sandali classici
sandal_545.png,ciabatte
sandal_546.png,sandali classici
sandal_547.png,sandali classici
sandal_548.png,sandali con tacco
sandal_549.png,sandali classici
sandal_55.png,sandali con tacco
sandal_550.png,sandali con tacco
sandal_551.png,sandali classici
sandal_552.png,sandali con tacco
sandal_553.png,sandali classici
sandal_554.png,sandali classici
sandal_555.png,sandali classici
sandal_557.png,sandali con tacco
sandal_558.png,sandali con tacco
sandal_559.png,sandali con tacco
sandal_560.png,sandali classici
sandal_561.png,sandali classici
sandal_562.png,sandali con tacco
sandal_563.png,sandali classici
sandal_564.png,sandali classici
sandal_565.png,sandali con tacco
sandal_566.png,sandali con tacco
sandal_567.png,sandali con tacco
sandal_568.png,sandali con tacco
sandal_569.png,sandali classici
sandal_57.png,sandali con tacco
sandal_570.png,sandali con tacco
sandal_571.png,sandali con tacco
sandal_572.png,sandali classici
sandal_573.png,sandali classici
sandal_574.png,ciabatte
sandal_575.png,sandali con tacco
sandal_576.png,sandali con tacco
sandal_577.png,sandali con tacco
sandal_578.png,sandali classici
sandal_579.png,sandali classici
sandal_58.png,sandali con tacco
sandal_580.png,sandali con tacco
sandal_581.png,sandali classici
sandal_583.png,sandali con tacco
sandal_584.png,sandali con tacco
sandal_585.png,ciabatte
sandal_586.png,sandali con tacco
sandal_587.png,sandali classici
sandal_588.png,sandali con tacco
sandal_589.png,sandali classici
sandal_590.png,sandali classici
sandal_591.png,sandali classici
sandal_592.png,ciabatte
sandal_593.png,sandali classici
sandal_594.png,sandali con tacco
sandal_595.png,sandali con tacco
sandal_596.png,sandali con tacco
sandal_597.png,ciabatte
sandal_598.png,sandali classici
sandal_599.png,sandali con tacco
sandal_600.png,sandali con tacco
sandal_601.png,sandali con tacco
sandal_602.png,sandali con tacco
sandal_603.png,sandali con tacco
sandal_604.png,sandali classici
sandal_606.png,sandali classici
sandal_607.png,sandali classici
sandal_608.png,sandali con tacco
sandal_609.png,sandali con tacco
sandal_610.png,sandali classici
sandal_613.png,sandali classici
sandal_614.png,sandali con tacco
sandal_615.png,sandali classici
sandal_616.png,sandali con tacco
sandal_617.png,sandali classici
sandal_619.png,sandali con tacco
sandal_620.png,sandali con tacco
sandal_621.png,sandali classici
sandal_622.png,sandali classici
sandal_623.png,sandali con tacco
sandal_624.png,ciabatte
sandal_625.png,sandali classici
sandal_626.png,sandali classici
sandal_627.png,sandali con tacco
sandal_628.png,sandali con tacco
sandal_629.png,ciabatte
sandal_631.png,sandali classici
sandal_632.png,sandali classici
sandal_633.png,sandali con tacco
sandal_634.png,sandali con tacco
sandal_635.png,sandali classici
sandal_636.png,sandali con tacco
sandal_637.png,sandali classici
sandal_640.png,sandali con tacco
sandal_642.png,sandali classici
sandal_643.png,sandali classici
sandal_677.png,ciabatte
sandal_678.png,sandali con tacco
sandal_679.png,sandali con tacco
sandal_680.png,ciabatte
sandal_681.png,sandali con tacco
sandal_682.png,sandali con tacco
sandal_683.png,sandali con tacco
sandal_684.png,sandali con tacco
sandal_685.png,sandali con tacco
sandal_687.png,sandali con tacco
sandal_688.png,sandali con tacco
sandal_689.png,sandali classici
sandal_690.png,ciabatte
sandal_691.png,sandali classici
sandal_692.png,sandali con tacco
sandal_693.png,sandali con tacco
sandal_694.png,sandali classici
sandal_695.png,sandali con tacco
sandal_696.png,sandali classici
sandal_697.png,ciabatte
sandal_7.png,sandali con tacco
sandal_74.png,sandali con tacco
sandal_741.png,sandali classici
sandal_742.png,sandali classici
sandal_743.png,sandali classici
sandal_744.png,sandali classici
sandal_745.png,sandali con tacco
sandal_747.png,sandali classici
sandal_748.png,sandali con tacco
sandal_749.png,sandali classici
sandal_75.png,ciabatte
sandal_750.png,sandali con tacco
sandal_751.png,sandali classici
sandal_752.png,sandali classici
sandal_753.png,ciabatte
sandal_754.png,sandali classici
sandal_755.png,sandali con tacco
sandal_757.png,sandali con tacco
sandal_758.png,sandali con tacco
sandal_759.png,sandali con tacco
sandal_760.png,sandali con tacco
sandal_761.png,sandali classici
sandal_762.png,sandali con tacco
sandal_763.png,sandali classici
sandal_764.png,sandali classici
sandal_765.png,sandali classici
sandal_766.png,sandali classici
sandal_767.png,sandali con tacco
sandal_768.png,sandali con tacco
sandal_769.png,sandali con tacco
sandal_770.png,ciabatte
sandal_771.png,sandali classici
sandal_772.png,sandali classici
sandal_773.png,sandali con tacco
sandal_774.png,sandali con tacco
sandal_775.png,sandali classici
sandal_776.png,sandali con tacco
sandal_777.png,sandali classici
sandal_778.png,ciabatte
sandal_779.png,sandali classici
sandal_780.png,sandali con tacco
sandal_781.png,sandali classici
sandal_782.png,sandali classici
sandal_783.png,sandali classici
sandal_784.png,sandali con tacco
sandal_785.png,sandali classici
sandal_786.png,ciabatte
sandal_787.png,sandali classici
sandal_788.png,sandali classici
sandal_789.png,sandali con tacco
sandal_79.png,sandali con tacco
sandal_790.png,sandali con tacco
sandal_791.png,sandali classici
sandal_792.png,sandali con tacco
sandal_793.png,sandali con tacco
sandal_794.png,sandali con tacco
sandal_795.png,sandali con tacco
sandal_796.png,sandali con tacco
sandal_797.png,sandali classici
sandal_798.png,sandali con tacco
sandal_799.png,sandali classici
sandal_8.png,sandali classici
sandal_80.png,ciabatte
sandal_801.png,sandali con tacco
sandal_802.png,ciabatte
sandal_803.png,sandali con tacco
sandal_804.png,sandali con tacco
sandal_805.png,sandali con tacco
sandal_806.png,sandali classici
sandal_807.png,ciabatte
sandal_808.png,sandali con tacco
sandal_809.png,sandali con tacco
sandal_81.png,sandali classici
sandal_810.png,sandali classici
sandal_811.png,sandali con tacco
sandal_812.png,sandali con tacco
sandal_813.png,sandali con tacco
sandal_814.png,sandali classici
sandal_815.png,sandali classici
sandal_816.png,sandali classici
sandal_817.png,sandali classici
sandal_818.png,sandali classici
sandal_819.png,sandali con tacco
sandal_82.png,ciabatte
sandal_820.png,sandali con tacco
sandal_821.png,sandali con tacco
sandal_822.png,sandali con tacco
sandal_824.png,sandali classici
sandal_825.png,sandali con tacco
sandal_826.png,ciabatte
sandal_827.png,sandali classici
sandal_829.png,sandali con tacco
sandal_83.png,sandali con tacco
sandal_830.png,sandali classici
sandal_831.png,sandali classici
sandal_832.png,sandali classici
sandal_833.png,sandali classici
sandal_834.png,sandali classici
sandal_835.png,ciabatte
sandal_836.png,sandali classici
sandal_837.png,sandali classici
sandal_838.png,sandali classici
sandal_839.png,sandali classici
sandal_84.png,sandali con tacco
sandal_840.png,sandali con tacco
sandal_841.png,ciabatte
sandal_842.png,sandali classici
sandal_844.png,sandali classici
sandal_845.png,ciabatte
sandal_846.png,ciabatte
sandal_847.png,sandali con tacco
sandal_848.png,sandali con tacco
sandal_849.png,sandali con tacco
sandal_850.png,sandali classici
sandal_851.png,sandali con tacco
sandal_852.png,sandali con tacco
sandal_853.png,sandali con tacco
sandal_854.png,sandali con tacco
sandal_855.png,sandali con tacco
sandal_856.png,sandali classici
sandal_857.png,sandali con tacco
sandal_858.png,sandali classici
sandal_859.png,sandali classici
sandal_86.png,sandali con tacco
sandal_860.png,sandali classici
sandal_861.png,sandali classici
sandal_862.png,sandali classici
sandal_863.png,sandali con tacco
sandal_866.png,sandali con tacco
sandal_867.png,sandali con tacco
sandal_868.png,sandali classici
sandal_869.png,sandali classici
sandal_870.png,sandali classici
sandal_871.png,sandali con tacco
sandal_872.png,sandali classici
sandal_873.png,sandali con tacco
sandal_874.png,sandali con tacco
sandal_875.png,sandali con tacco
sandal_876.png,ciabatte
sandal_877.png,sandali con tacco
sandal_878.png,sandali con tacco
sandal_879.png,sandali classici
sandal_88.png,sandali classici
sandal_880.png,sandali classici
sandal_881.png,sandali classici
sandal_882.png,ciabatte
sandal_883.png,sandali con tacco
sandal_884.png,sandali con tacco
sandal_885.png,sandali con tacco
sandal_886.png,sandali con tacco
sandal_887.png,sandali classici
sandal_888.png,sandali classici
sandal_889.png,sandali classici
sandal_890.png,sandali con tacco
sandal_9.png,ciabatte
sandal_90.png,sandali con tacco
sandal_91.png,sandali con tacco
sandal_92.png,sandali classici
sandal_931.png,sandali classici
sandal_932.png,sandali classici
sandal_933.png,ciabatte
sandal_934.png,ciabatte
sandal_935.png,ciabatte
sandal_936.png,sandali con tacco
sandal_937.png,sandali con tacco
sandal_938.png,sandali classici
sandal_939.png,sandali con tacco
sandal_94.png,sandali con tacco
sandal_940.png,sandali con tacco
sandal_941.png,sandali classici
sandal_942.png,sandali classici
sandal_943.png,sandali con tacco
sandal_944.png,sandali con tacco
sandal_945.png,sandali classici
sandal_946.png,sandali con tacco
sandal_947.png,sandali con tacco
sandal_948.png,sandali classici
sandal_949.png,sandali classici
sandal_950.png,sandali classici
sandal_951.png,sandali classici
sandal_952.png,ciabatte
sandal_953.png,sandali classici
sandal_954.png,ciabatte
sandal_955.png,sandali con tacco
sandal_956.png,sandali con tacco
sandal_957.png,sandali classici
sandal_958.png,sandali classici
sandal_959.png,sandali con tacco
sandal_96.png,sandali classici
sandal_960.png,sandali classici
sandal_961.png,sandali classici
sandal_962.png,sandali con tacco
sandal_963.png,sandali classici
sandal_964.png,sandali classici
sandal_965.png,sandali classici
sandal_966.png,sandali con tacco
sandal_967.png,sandali classici
sandal_968.png,sandali con tacco
sandal_969.png,sandali classici
sandal_970.png,sandali con tacco
sandal_973.png,sandali classici
sandal_974.png,sandali con tacco
sandal_975.png,sandali classici
sandal_976.png,sandali con tacco
sandal_977.png,sandali con tacco
sandal_978.png,sandali con tacco
sandal_979.png,sandali classici
sandal_980.png,sandali classici
sandal_981.png,sandali con tacco
sandal_982.png,sandali classici
sandal_983.png,sandali con tacco
sandal_985.png,sandali classici
sandal_986.png,sandali classici
sandal_987.png,ciabatte
sandal_988.png,sandali classici
sandal_99.png,sandali classici
sandal_990.png,sandali con tacco
sandal_991.png,sandali classici
sandal_992.png,ciabatte
sandal_993.png,ciabatte
sandal_996.png,sandali classici
sandal_997.png,sandali con tacco
sandal_998.png,sandali con tacco
pullover_0.png,pullover
pullover_1.png,pullover
pullover_10.png,pullover
pullover_1000.png,pullover
pullover_1001.png,pullover
pullover_1002.png,pullover
pullover_1006.png,pullover
pullover_1008.png,dolce vita
pullover_1009.png,pullover
pullover_101.png,dolce vita
pullover_1010.png,dolce vita
pullover_1011.png,felpa
pullover_1012.png,dolce vita
pullover_1015.png,pullover
pullover_1016.png,felpa
pullover_1017.png,felpa
pullover_1018.png,felpa
pullover_1020.png,dolce vita
pullover_1023.png,felpa
pullover_1024.png,pullover
pullover_1025.png,pullover
pullover_1027.png,pullover
pullover_1028.png,pullover
pullover_1029.png,pullover
pullover_103.png,pullover
pullover_1030.png,pullover
pullover_1031.png,dolce vita
pullover_1034.png,dolce vita
pullover_1035.png,pullover
pullover_1036.png,dolce vita
pullover_1037.png,pullover
pullover_1038.png,pullover
pullover_1039.png,pullover
pullover_1042.png,pullover
pullover_1044.png,pullover
pullover_1045.png,pullover
pullover_1047.png,felpa
pullover_1048.png,felpa
pullover_105.png,felpa
pullover_1051.png,pullover
pullover_1053.png,felpa
pullover_1058.png,pullover
pullover_106.png,felpa
pullover_1060.png,pullover
pullover_1061.png,dolce vita
pullover_1062.png,dolce vita
pullover_1063.png,pullover
pullover_1066.png,pullover
pullover_1067.png,pullover
pullover_1071.png,pullover
pullover_1074.png,pullover
pullover_1078.png,pullover
pullover_108.png,dolce vita
pullover_11.png,pullover
pullover_110.png,pullover
pullover_111.png,felpa
pullover_112.png,pullover
pullover_114.png,felpa
pullover_115.png,dolce vita
pullover_116.png,pullover
pullover_118.png,felpa
pullover_119.png,pullover
pullover_120.png,pullover
pullover_121.png,pullover
pullover_122.png,pullover
pullover_123.png,pullover
pullover_125.png,dolce vita
pullover_127.png,dolce vita
pullover_129.png,pullover
pullover_13.png,pullover
pullover_130.png,pullover
pullover_131.png,dolce vita
pullover_132.png,dolce vita
pullover_133.png,pullover
pullover_137.png,pullover
pullover_142.png,felpa
pullover_145.png,dolce vita
pullover_146.png,pullover
pullover_147.png,pullover
pullover_148.png,pullover
pullover_149.png,dolce vita
pullover_152.png,pullover
pullover_156.png,pullover
pullover_157.png,pullover
pullover_159.png,felpa
pullover_16.png,pullover
pullover_160.png,felpa
pullover_161.png,pullover
pullover_162.png,pullover
pullover_165.png,felpa
pullover_166.png,pullover
pullover_167.png,dolce vita
pullover_168.png,dolce vita
pullover_169.png,pullover
pullover_170.png,pullover
pullover_172.png,pullover
pullover_174.png,pullover
pullover_176.png,dolce vita
pullover_177.png,pullover
pullover_178.png,pullover
pullover_179.png,felpa
pullover_18.png,pullover
pullover_183.png,dolce vita
pullover_185.png,felpa
pullover_186.png,felpa
pullover_189.png,pullover
pullover_19.png,dolce vita
pullover_190.png,dolce vita
pullover_192.png,dolce vita
pullover_193.png,dolce vita
pullover_194.png,felpa
pullover_196.png,pullover
pullover_2.png,pullover
pullover_20.png,pullover
pullover_200.png,pullover
pullover_201.png,pullover
pullover_202.png,pullover
pullover_203.png,dolce vita
pullover_204.png,pullover
pullover_205.png,dolce vita
pullover_207.png,dolce vita
pullover_209.png,pullover
pullover_21.png,pullover
pullover_210.png,pullover
pullover_211.png,pullover
pullover_212.png,felpa
pullover_213.png,pullover
pullover_214.png,pullover
pullover_217.png,pullover
pullover_218.png,felpa
pullover_219.png,dolce vita
pullover_22.png,pullover
pullover_220.png,felpa
pullover_221.png,pullover
pullover_224.png,dolce vita
pullover_227.png,pullover
pullover_228.png,dolce vita
pullover_229.png,felpa
pullover_23.png,pullover
pullover_230.png,dolce vita
pullover_231.png,pullover
pullover_233.png,pullover
pullover_234.png,pullover
pullover_235.png,pullover
pullover_237.png,dolce vita
pullover_239.png,dolce vita
pullover_24.png,pullover
pullover_240.png,dolce vita
pullover_243.png,pullover
pullover_247.png,felpa
pullover_249.png,pullover
pullover_25.png,pullover
pullover_253.png,pullover
pullover_254.png,pullover
pullover_255.png,dolce vita
pullover_256.png,pullover
pullover_257.png,dolce vita
pullover_258.png,pullover
pullover_259.png,felpa
pullover_26.png,felpa
pullover_265.png,pullover
pullover_269.png,felpa
pullover_27.png,dolce vita
pullover_270.png,pullover
pullover_272.png,felpa
pullover_274.png,pullover
pullover_275.png,pullover
pullover_276.png,pullover
pullover_277.png,pullover
pullover_278.png,pullover
pullover_279.png,dolce vita
pullover_280.png,pullover
pullover_283.png,pullover
pullover_284.png,pullover
pullover_285.png,pullover
pullover_287.png,dolce vita
pullover_288.png,pullover
pullover_29.png,pullover
pullover_296.png,pullover
pullover_297.png,felpa
pullover_298.png,pullover
pullover_299.png,pullover
pullover_301.png,pullover
pullover_302.png,pullover
pullover_304.png,pullover
pullover_306.png,dolce vita
pullover_307.png,felpa
pullover_31.png,pullover
pullover_310.png,pullover
pullover_311.png,pullover
pullover_312.png,pullover
pullover_313.png,pullover
pullover_314.png,pullover
pullover_315.png,pullover
pullover_316.png,dolce vita
pullover_317.png,pullover
pullover_318.png,pullover
pullover_319.png,pullover
pullover_32.png,pullover
pullover_320.png,dolce vita
pullover_324.png,pullover
pullover_327.png,pullover
pullover_328.png,pullover
pullover_329.png,felpa
pullover_330.png,felpa
pullover_334.png,pullover
pullover_336.png,felpa
pullover_339.png,pullover
pullover_340.png,felpa
pullover_341.png,pullover
pullover_343.png,felpa
pullover_344.png,dolce vita
pullover_346.png,pullover
pullover_347.png,dolce vita
pullover_348.png,felpa
pullover_349.png,dolce vita
pullover_35.png,pullover
pullover_350.png,pullover
pullover_351.png,dolce vita
pullover_352.png,pullover
pullover_353.png,dolce vita
pullover_354.png,pullover
pullover_356.png,pullover
pullover_359.png,pullover
pullover_36.png,pullover
pullover_360.png,pullover
pullover_361.png,pullover
pullover_363.png,felpa
pullover_364.png,dolce vita
pullover_366.png,pullover
pullover_367.png,felpa
pullover_368.png,pullover
pullover_369.png,pullover
pullover_37.png,dolce vita
pullover_370.png,pullover
pullover_371.png,dolce vita
pullover_373.png,pullover
pullover_374.png,felpa
pullover_376.png,pullover
pullover_378.png,pullover
pullover_379.png,pullover
pullover_38.png,dolce vita
pullover_380.png,pullover
pullover_383.png,pullover
pullover_384.png,pullover
pullover_385.png,dolce vita
pullover_386.png,pullover
pullover_387.png,pullover
pullover_388.png,felpa
pullover_391.png,dolce vita
pullover_392.png,felpa
pullover_395.png,pullover
pullover_397.png,pullover
pullover_399.png,pullover
pullover_40.png,felpa
pullover_400.png,felpa
pullover_401.png,pullover
pullover_404.png,pullover
pullover_405.png,pullover
pullover_406.png,pullover
pullover_407.png,pullover
pullover_409.png,dolce vita
pullover_413.png,pullover
pullover_414.png,pullover
pullover_415.png,dolce vita
pullover_417.png,felpa
pullover_419.png,pullover
pullover_42.png,felpa
pullover_420.png,pullover
pullover_421.png,dolce vita
pullover_422.png,pullover
pullover_423.png,pullover
pullover_424.png,pullover
pullover_425.png,pullover
pullover_426.png,pullover
pullover_427.png,pullover
pullover_429.png,pullover
pullover_43.png,felpa
pullover_430.png,felpa
pullover_432.png,pullover
pullover_433.png,pullover
pullover_435.png,pullover
pullover_436.png,dolce vita
pullover_438.png,felpa
pullover_439.png,dolce vita
pullover_44.png,pullover
pullover_441.png,pullover
pullover_443.png,pullover
pullover_444.png,pullover
pullover_448.png,pullover
pullover_449.png,pullover
pullover_45.png,dolce vita
pullover_450.png,pullover
pullover_452.png,pullover
pullover_455.png,pullover
pullover_457.png,dolce vita
pullover_458.png,pullover
pullover_459.png,felpa
pullover_46.png,pullover
pullover_460.png,pullover
pullover_463.png,pullover
pullover_465.png,pullover
pullover_468.png,felpa
pullover_469.png,pullover
pullover_47.png,pullover
pullover_470.png,pullover
pullover_472.png,felpa
pullover_473.png,pullover
pullover_475.png,pullover
pullover_476.png,pullover
pullover_479.png,pullover
pullover_48.png,pullover
pullover_480.png,pullover
pullover_481.png,dolce vita
pullover_483.png,dolce vita
pullover_484.png,pullover
pullover_485.png,pullover
pullover_486.png,pullover
pullover_487.png,pullover
pullover_488.png,pullover
pullover_489.png,dolce vita
pullover_490.png,pullover
pullover_491.png,pullover
pullover_493.png,dolce vita
pullover_495.png,pullover
pullover_497.png,pullover
pullover_498.png,dolce vita
pullover_499.png,dolce vita
pullover_503.png,pullover
pullover_504.png,pullover
pullover_505.png,pullover
pullover_506.png,pullover
pullover_507.png,dolce vita
pullover_509.png,pullover
pullover_51.png,dolce vita
pullover_510.png,pullover
pullover_511.png,dolce vita
pullover_512.png,pullover
pullover_513.png,pullover
pullover_514.png,pullover
pullover_516.png,dolce vita
pullover_517.png,felpa
pullover_518.png,felpa
pullover_52.png,pullover
pullover_520.png,pullover
pullover_521.png,pullover
pullover_522.png,pullover
pullover_525.png,pullover
pullover_526.png,pullover
pullover_527.png,pullover
pullover_528.png,dolce vita
pullover_529.png,pullover
pullover_53.png,pullover
pullover_530.png,pullover
pullover_531.png,pullover
pullover_532.png,pullover
pullover_536.png,pullover
pullover_537.png,pullover
pullover_538.png,dolce vita
pullover_539.png,pullover
pullover_541.png,pullover
pullover_542.png,pullover
pullover_544.png,pullover
pullover_546.png,pullover
pullover_547.png,pullover
pullover_548.png,pullover
pullover_549.png,felpa
pullover_55.png,pullover
pullover_550.png,felpa
pullover_551.png,dolce vita
pullover_553.png,pullover
pullover_555.png,felpa
pullover_556.png,pullover
pullover_557.png,felpa
pullover_558.png,dolce vita
pullover_559.png,felpa
pullover_56.png,pullover
pullover_560.png,pullover
pullover_562.png,pullover
pullover_563.png,felpa
pullover_564.png,dolce vita
pullover_565.png,pullover
pullover_566.png,pullover
pullover_567.png,pullover
pullover_568.png,dolce vita
pullover_57.png,pullover
pullover_570.png,felpa
pullover_571.png,pullover
pullover_574.png,felpa
pullover_575.png,dolce vita
pullover_576.png,pullover
pullover_577.png,pullover
pullover_578.png,pullover
pullover_579.png,pullover
pullover_58.png,pullover
pullover_580.png,pullover
pullover_581.png,pullover
pullover_583.png,pullover
pullover_585.png,pullover
pullover_586.png,dolce vita
pullover_587.png,pullover
pullover_589.png,dolce vita
pullover_59.png,pullover
pullover_590.png,pullover
pullover_591.png,pullover
pullover_592.png,pullover
pullover_594.png,pullover
pullover_595.png,pullover
pullover_596.png,pullover
pullover_597.png,dolce vita
pullover_599.png,dolce vita
pullover_6.png,dolce vita
pullover_60.png,pullover
pullover_600.png,pullover
pullover_601.png,pullover
pullover_602.png,pullover
pullover_603.png,felpa
pullover_604.png,pullover
pullover_605.png,pullover
pullover_606.png,pullover
pullover_607.png,pullover
pullover_608.png,pullover
pullover_609.png,pullover
pullover_61.png,dolce vita
pullover_611.png,felpa
pullover_612.png,felpa
pullover_613.png,pullover
pullover_614.png,dolce vita
pullover_615.png,felpa
pullover_616.png,dolce vita
pullover_618.png,felpa
pullover_620.png,pullover
pullover_621.png,pullover
pullover_622.png,pullover
pullover_624.png,felpa
pullover_625.png,felpa
pullover_628.png,pullover
pullover_63.png,felpa
pullover_630.png,dolce vita
pullover_631.png,felpa
pullover_632.png,dolce vita
pullover_633.png,pullover
pullover_634.png,pullover
pullover_635.png,pullover
pullover_643.png,pullover
pullover_644.png,felpa
pullover_645.png,pullover
pullover_646.png,pullover
pullover_648.png,felpa
pullover_649.png,pullover
pullover_65.png,pullover
pullover_650.png,felpa
pullover_651.png,dolce vita
pullover_653.png,pullover
pullover_654.png,pullover
pullover_656.png,felpa
pullover_658.png,felpa
pullover_66.png,dolce vita
pullover_661.png,pullover
pullover_662.png,pullover
pullover_663.png,dolce vita
pullover_664.png,pullover
pullover_667.png,pullover
pullover_669.png,pullover
pullover_67.png,pullover
pullover_671.png,pullover
pullover_673.png,felpa
pullover_674.png,felpa
pullover_675.png,pullover
pullover_676.png,pullover
pullover_677.png,pullover
pullover_679.png,pullover
pullover_68.png,pullover
pullover_681.png,pullover
pullover_682.png,pullover
pullover_683.png,pullover
pullover_684.png,dolce vita
pullover_685.png,pullover
pullover_686.png,pullover
pullover_687.png,pullover
pullover_688.png,pullover
pullover_689.png,pullover
pullover_690.png,pullover
pullover_691.png,dolce vita
pullover_692.png,felpa
pullover_693.png,pullover
pullover_694.png,dolce vita
pullover_695.png,felpa
pullover_696.png,pullover
pullover_698.png,dolce vita
pullover_70.png,pullover
pullover_701.png,dolce vita
pullover_703.png,pullover
pullover_704.png,felpa
pullover_705.png,pullover
pullover_706.png,felpa
pullover_707.png,dolce vita
pullover_711.png,pullover
pullover_716.png,felpa
pullover_717.png,felpa
pullover_719.png,pullover
pullover_721.png,pullover
pullover_722.png,pullover
pullover_723.png,pullover
pullover_727.png,pullover
pullover_729.png,pullover
pullover_73.png,pullover
pullover_733.png,pullover
pullover_735.png,pullover
pullover_737.png,pullover
pullover_738.png,pullover
pullover_74.png,pullover
pullover_740.png,pullover
pullover_741.png,dolce vita
pullover_742.png,pullover
pullover_744.png,pullover
pullover_746.png,pullover
pullover_747.png,felpa
pullover_748.png,felpa
pullover_750.png,pullover
pullover_751.png,felpa
pullover_752.png,pullover
pullover_753.png,pullover
pullover_754.png,pullover
pullover_755.png,pullover
pullover_758.png,dolce vita
pullover_759.png,dolce vita
pullover_76.png,pullover
pullover_760.png,pullover
pullover_761.png,felpa
pullover_762.png,dolce vita
pullover_765.png,dolce vita
pullover_767.png,dolce vita
pullover_768.png,dolce vita
pullover_769.png,dolce vita
pullover_77.png,pullover
pullover_770.png,pullover
pullover_772.png,dolce vita
pullover_773.png,pullover
pullover_774.png,pullover
pullover_776.png,pullover
pullover_777.png,dolce vita
pullover_778.png,dolce vita
pullover_779.png,pullover
pullover_780.png,dolce vita
pullover_782.png,dolce vita
pullover_783.png,felpa
pullover_784.png,felpa
pullover_785.png,pullover
pullover_786.png,felpa
pullover_787.png,felpa
pullover_789.png,dolce vita
pullover_79.png,pullover
pullover_790.png,pullover
pullover_791.png,dolce vita
pullover_792.png,pullover
pullover_793.png,pullover
pullover_794.png,pullover
pullover_795.png,pullover
pullover_797.png,felpa
pullover_798.png,felpa
pullover_8.png,pullover
pullover_80.png,pullover
pullover_800.png,pullover
pullover_802.png,pullover
pullover_803.png,pullover
pullover_804.png,dolce vita
pullover_805.png,pullover
pullover_808.png,pullover
pullover_809.png,pullover
pullover_812.png,pullover
pullover_814.png,pullover
pullover_815.png,dolce vita
pullover_816.png,pullover
pullover_819.png,dolce vita
pullover_820.png,pullover
pullover_822.png,pullover
pullover_823.png,pullover
pullover_824.png,pullover
pullover_825.png,dolce vita
pullover_826.png,pullover
pullover_827.png,pullover
pullover_828.png,felpa
pullover_83.png,dolce vita
pullover_830.png,pullover
pullover_831.png,pullover
pullover_833.png,dolce vita
pullover_835.png,pullover
pullover_836.png,pullover
pullover_838.png,felpa
pullover_843.png,felpa
pullover_844.png,dolce vita
pullover_846.png,pullover
pullover_847.png,felpa
pullover_848.png,pullover
pullover_849.png,felpa
pullover_85.png,pullover
pullover_850.png,pullover
pullover_851.png,pullover
pullover_854.png,dolce vita
pullover_857.png,felpa
pullover_858.png,pullover
pullover_859.png,felpa
pullover_860.png,pullover
pullover_861.png,pullover
pullover_865.png,dolce vita
pullover_866.png,felpa
pullover_867.png,pullover
pullover_868.png,pullover
pullover_869.png,pullover
pullover_870.png,felpa
pullover_871.png,pullover
pullover_872.png,pullover
pullover_873.png,dolce vita
pullover_874.png,pullover
pullover_875.png,pullover
pullover_876.png,dolce vita
pullover_877.png,pullover
pullover_878.png,felpa
pullover_879.png,felpa
pullover_88.png,felpa
pullover_880.png,dolce vita
pullover_881.png,pullover
pullover_883.png,pullover
pullover_884.png,felpa
pullover_885.png,dolce vita
pullover_888.png,pullover
pullover_889.png,dolce vita
pullover_89.png,pullover
pullover_891.png,pullover
pullover_892.png,pullover
pullover_896.png,pullover
pullover_9.png,pullover
pullover_90.png,felpa
pullover_902.png,dolce vita
pullover_903.png,pullover
pullover_904.png,pullover
pullover_905.png,dolce vita
pullover_906.png,felpa
pullover_907.png,pullover
pullover_909.png,pullover
pullover_91.png,pullover
pullover_910.png,pullover
pullover_911.png,dolce vita
pullover_912.png,pullover
pullover_913.png,pullover
pullover_914.png,dolce vita
pullover_915.png,pullover
pullover_917.png,pullover
pullover_918.png,pullover
pullover_919.png,pullover
pullover_921.png,dolce vita
pullover_923.png,pullover
pullover_925.png,dolce vita
pullover_926.png,felpa
pullover_928.png,pullover
pullover_929.png,felpa
pullover_930.png,pullover
pullover_931.png,pullover
pullover_932.png,pullover
pullover_933.png,pullover
pullover_936.png,dolce vita
pullover_937.png,felpa
pullover_939.png,pullover
pullover_94.png,pullover
pullover_940.png,felpa
pullover_944.png,pullover
pullover_946.png,pullover
pullover_953.png,pullover
pullover_955.png,dolce vita
pullover_956.png,dolce vita
pullover_957.png,felpa
pullover_96.png,pullover
pullover_960.png,pullover
pullover_961.png,pullover
pullover_963.png,dolce vita
pullover_966.png,pullover
pullover_967.png,pullover
pullover_968.png,pullover
pullover_969.png,pullover
pullover_973.png,pullover
pullover_974.png,pullover
pullover_977.png,dolce vita
pullover_979.png,pullover
pullover_98.png,pullover
pullover_981.png,pullover
pullover_982.png,pullover
pullover_983.png,pullover
pullover_984.png,dolce vita
pullover_985.png,pullover
pullover_986.png,dolce vita
pullover_987.png,pullover
pullover_990.png,dolce vita
pullover_992.png,pullover
pullover_993.png,dolce vita
sneaker_776.png,scarpe da ginnastica
sneaker_777.png,scarpe da ginnastica
sneaker_778.png,scarpe da ginnastica
sneaker_779.png,scarpe da ginnastica
sneaker_781.png,scarpe da ginnastica
sneaker_782.png,scarpe da ginnastica
sneaker_783.png,scarpe da ginnastica
sneaker_784.png,scarpe da ginnastica
sneaker_785.png,scarpe da ginnastica
sneaker_786.png,scarpe da ginnastica
sneaker_787.png,scarpe da ginnastica
sneaker_789.png,scarpe da ginnastica
sneaker_791.png,scarpe da ginnastica
sneaker_794.png,scarpe da ginnastica
sneaker_795.png,scarpe da ginnastica
sneaker_796.png,scarpe da ginnastica
sneaker_797.png,scarpe da ginnastica
sneaker_798.png,scarpe da ginnastica
sneaker_1.png,scarpe da ginnastica
sneaker_2.png,scarpe da ginnastica
sneaker_3.png,scarpe da ginnastica
sneaker_4.png,scarpe da ginnastica
sneaker_6.png,scarpe da ginnastica
sneaker_7.png,scarpe da ginnastica
sneaker_8.png,scarpe da ginnastica
sneaker_10.png,scarpe da ginnastica
sneaker_11.png,scarpe da ginnastica
sneaker_12.png,scarpe da ginnastica
sneaker_13.png,scarpe da ginnastica
sneaker_14.png,scarpe da ginnastica
sneaker_15.png,scarpe da ginnastica
sneaker_17.png,scarpe da ginnastica
sneaker_18.png,scarpe da ginnastica
sneaker_20.png,scarpe da ginnastica
sneaker_21.png,scarpe da ginnastica
sneaker_23.png,scarpe da ginnastica
sneaker_25.png,scarpe da ginnastica
sneaker_27.png,scarpe da ginnastica
sneaker_28.png,scarpe da ginnastica
sneaker_29.png,scarpe da ginnastica
sneaker_30.png,scarpe da ginnastica
sneaker_31.png,scarpe da ginnastica
sneaker_32.png,scarpe da ginnastica
sneaker_34.png,scarpe da ginnastica
sneaker_35.png,scarpe da ginnastica
sneaker_36.png,scarpe da ginnastica
sneaker_37.png,scarpe da ginnastica
sneaker_38.png,scarpe da ginnastica
sneaker_39.png,scarpe da ginnastica
sneaker_40.png,scarpe da ginnastica
sneaker_41.png,scarpe da ginnastica
sneaker_44.png,scarpe da ginnastica
sneaker_45.png,scarpe da ginnastica
sneaker_46.png,scarpe da ginnastica
sneaker_47.png,scarpe da ginnastica
sneaker_48.png,scarpe da ginnastica
sneaker_50.png,scarpe da ginnastica
sneaker_51.png,scarpe da ginnastica
sneaker_52.png,scarpe da ginnastica
sneaker_54.png,scarpe da ginnastica
sneaker_55.png,scarpe da ginnastica
sneaker_56.png,scarpe da ginnastica
sneaker_57.png,scarpe da ginnastica
sneaker_59.png,scarpe da ginnastica
sneaker_60.png,scarpe da ginnastica
sneaker_61.png,scarpe da ginnastica
sneaker_62.png,scarpe da ginnastica
sneaker_63.png,scarpe da ginnastica
sneaker_65.png,scarpe da ginnastica
sneaker_66.png,scarpe da ginnastica
sneaker_67.png,scarpe da ginnastica
sneaker_68.png,scarpe da ginnastica
sneaker_70.png,scarpe da ginnastica
sneaker_71.png,scarpe da ginnastica
sneaker_72.png,scarpe da ginnastica
sneaker_73.png,scarpe da ginnastica
sneaker_74.png,scarpe da ginnastica
sneaker_75.png,scarpe da ginnastica
sneaker_76.png,scarpe da ginnastica
sneaker_78.png,scarpe da ginnastica
sneaker_79.png,scarpe da ginnastica
sneaker_80.png,scarpe da ginnastica
sneaker_82.png,scarpe da ginnastica
sneaker_83.png,scarpe da ginnastica
sneaker_84.png,scarpe da ginnastica
sneaker_86.png,scarpe da ginnastica
sneaker_87.png,scarpe da ginnastica
sneaker_88.png,scarpe da ginnastica
sneaker_89.png,scarpe da ginnastica
sneaker_90.png,scarpe da ginnastica
sneaker_91.png,scarpe da ginnastica
sneaker_95.png,scarpe da ginnastica
sneaker_96.png,scarpe da ginnastica
sneaker_97.png,scarpe da ginnastica
sneaker_99.png,scarpe da ginnastica
sneaker_100.png,scarpe da ginnastica
sneaker_101.png,scarpe da ginnastica
sneaker_104.png,scarpe da ginnastica
sneaker_105.png,scarpe da ginnastica
sneaker_106.png,scarpe da ginnastica
sneaker_107.png,scarpe da ginnastica
sneaker_108.png,scarpe da ginnastica
sneaker_110.png,scarpe da ginnastica
sneaker_111.png,scarpe da ginnastica
sneaker_112.png,scarpe da ginnastica
sneaker_113.png,scarpe da ginnastica
sneaker_115.png,scarpe da ginnastica
sneaker_117.png,scarpe da ginnastica
sneaker_118.png,scarpe da ginnastica
sneaker_119.png,scarpe da ginnastica
sneaker_120.png,scarpe da ginnastica
sneaker_123.png,scarpe da ginnastica
sneaker_125.png,scarpe da ginnastica
sneaker_127.png,scarpe da ginnastica
sneaker_128.png,scarpe da ginnastica
sneaker_129.png,scarpe da ginnastica
sneaker_130.png,scarpe da ginnastica
sneaker_131.png,scarpe da ginnastica
sneaker_132.png,scarpe da ginnastica
sneaker_135.png,scarpe da ginnastica
sneaker_136.png,scarpe da ginnastica
sneaker_137.png,scarpe da ginnastica
sneaker_138.png,scarpe da ginnastica
sneaker_139.png,scarpe da ginnastica
sneaker_141.png,scarpe da ginnastica
sneaker_142.png,scarpe da ginnastica
sneaker_144.png,scarpe da ginnastica
sneaker_145.png,scarpe da ginnastica
sneaker_146.png,scarpe da ginnastica
sneaker_147.png,scarpe da ginnastica
sneaker_148.png,scarpe da ginnastica
sneaker_149.png,scarpe da ginnastica
sneaker_150.png,scarpe da ginnastica
sneaker_151.png,scarpe da ginnastica
sneaker_152.png,scarpe da ginnastica
sneaker_153.png,scarpe da ginnastica
sneaker_154.png,scarpe da ginnastica
sneaker_155.png,scarpe da ginnastica
sneaker_156.png,scarpe da ginnastica
sneaker_157.png,scarpe da ginnastica
sneaker_158.png,scarpe da ginnastica
sneaker_159.png,scarpe da ginnastica
sneaker_160.png,scarpe da ginnastica
sneaker_161.png,scarpe da ginnastica
sneaker_162.png,scarpe da ginnastica
sneaker_163.png,scarpe da ginnastica
sneaker_164.png,scarpe da ginnastica
sneaker_165.png,scarpe da ginnastica
sneaker_166.png,scarpe da ginnastica
sneaker_168.png,scarpe da ginnastica
sneaker_169.png,scarpe da ginnastica
sneaker_170.png,scarpe da ginnastica
sneaker_171.png,scarpe da ginnastica
sneaker_172.png,scarpe da ginnastica
sneaker_173.png,scarpe da ginnastica
sneaker_174.png,scarpe da ginnastica
sneaker_175.png,scarpe da ginnastica
sneaker_176.png,scarpe da ginnastica
sneaker_177.png,scarpe da ginnastica
sneaker_178.png,scarpe da ginnastica
sneaker_180.png,scarpe da ginnastica
sneaker_181.png,scarpe da ginnastica
sneaker_182.png,scarpe da ginnastica
sneaker_185.png,scarpe da ginnastica
sneaker_186.png,scarpe da ginnastica
sneaker_188.png,scarpe da ginnastica
sneaker_189.png,scarpe da ginnastica
sneaker_190.png,scarpe da ginnastica
sneaker_192.png,scarpe da ginnastica
sneaker_193.png,scarpe da ginnastica
sneaker_194.png,scarpe da ginnastica
sneaker_195.png,scarpe da ginnastica
sneaker_196.png,scarpe da ginnastica
sneaker_197.png,scarpe da ginnastica
sneaker_198.png,scarpe da ginnastica
sneaker_199.png,scarpe da ginnastica
sneaker_201.png,scarpe da ginnastica
sneaker_202.png,scarpe da ginnastica
sneaker_203.png,scarpe da ginnastica
sneaker_204.png,scarpe da ginnastica
sneaker_205.png,scarpe da ginnastica
sneaker_206.png,scarpe da ginnastica
sneaker_207.png,scarpe da ginnastica
sneaker_208.png,scarpe da ginnastica
sneaker_209.png,scarpe da ginnastica
sneaker_210.png,scarpe da ginnastica
sneaker_212.png,scarpe da ginnastica
sneaker_214.png,scarpe da ginnastica
sneaker_217.png,scarpe da ginnastica
sneaker_219.png,scarpe da ginnastica
sneaker_222.png,scarpe da ginnastica
sneaker_223.png,scarpe da ginnastica
sneaker_224.png,scarpe da ginnastica
sneaker_225.png,scarpe da ginnastica
sneaker_226.png,scarpe da ginnastica
sneaker_227.png,scarpe da ginnastica
sneaker_228.png,scarpe da ginnastica
sneaker_230.png,scarpe da ginnastica
sneaker_231.png,scarpe da ginnastica
sneaker_232.png,scarpe da ginnastica
sneaker_233.png,scarpe da ginnastica
sneaker_235.png,scarpe da ginnastica
sneaker_236.png,scarpe da ginnastica
sneaker_237.png,scarpe da ginnastica
sneaker_238.png,scarpe da ginnastica
sneaker_239.png,scarpe da ginnastica
sneaker_241.png,scarpe da ginnastica
sneaker_242.png,scarpe da ginnastica
sneaker_243.png,scarpe da ginnastica
sneaker_247.png,scarpe da ginnastica
sneaker_249.png,scarpe da ginnastica
sneaker_250.png,scarpe da ginnastica
sneaker_251.png,scarpe da ginnastica
sneaker_252.png,scarpe da ginnastica
sneaker_253.png,scarpe da ginnastica
sneaker_254.png,scarpe da ginnastica
sneaker_255.png,scarpe da ginnastica
sneaker_258.png,scarpe da ginnastica
sneaker_260.png,scarpe da ginnastica
sneaker_261.png,scarpe da ginnastica
sneaker_262.png,scarpe da ginnastica
sneaker_263.png,scarpe da ginnastica
sneaker_264.png,scarpe da ginnastica
sneaker_266.png,scarpe da ginnastica
sneaker_267.png,scarpe da ginnastica
sneaker_268.png,scarpe da ginnastica
sneaker_271.png,scarpe da ginnastica
sneaker_272.png,scarpe da ginnastica
sneaker_274.png,scarpe da ginnastica
sneaker_279.png,scarpe da ginnastica
sneaker_281.png,scarpe da ginnastica
sneaker_282.png,scarpe da ginnastica
sneaker_283.png,scarpe da ginnastica
sneaker_285.png,scarpe da ginnastica
sneaker_286.png,scarpe da ginnastica
sneaker_287.png,scarpe da ginnastica
sneaker_289.png,scarpe da ginnastica
sneaker_290.png,scarpe da ginnastica
sneaker_291.png,scarpe da ginnastica
sneaker_292.png,scarpe da ginnastica
sneaker_293.png,scarpe da ginnastica
sneaker_294.png,scarpe da ginnastica
sneaker_295.png,scarpe da ginnastica
sneaker_300.png,scarpe da ginnastica
sneaker_301.png,scarpe da ginnastica
sneaker_302.png,scarpe da ginnastica
sneaker_303.png,scarpe da ginnastica
sneaker_304.png,scarpe da ginnastica
sneaker_305.png,scarpe da ginnastica
sneaker_306.png,scarpe da ginnastica
sneaker_307.png,scarpe da ginnastica
sneaker_312.png,scarpe da ginnastica
sneaker_316.png,scarpe da ginnastica
sneaker_317.png,scarpe da ginnastica
sneaker_319.png,scarpe da ginnastica
sneaker_320.png,scarpe da ginnastica
sneaker_321.png,scarpe da ginnastica
sneaker_323.png,scarpe da ginnastica
sneaker_324.png,scarpe da ginnastica
sneaker_325.png,scarpe da ginnastica
sneaker_326.png,scarpe da ginnastica
sneaker_328.png,scarpe da ginnastica
sneaker_330.png,scarpe da ginnastica
sneaker_332.png,scarpe da ginnastica
sneaker_333.png,scarpe da ginnastica
sneaker_334.png,scarpe da ginnastica
sneaker_335.png,scarpe da ginnastica
sneaker_336.png,scarpe da ginnastica
sneaker_338.png,scarpe da ginnastica
sneaker_340.png,scarpe da ginnastica
sneaker_341.png,scarpe da ginnastica
sneaker_343.png,scarpe da ginnastica
sneaker_346.png,scarpe da ginnastica
sneaker_347.png,scarpe da ginnastica
sneaker_348.png,scarpe da ginnastica
sneaker_349.png,scarpe da ginnastica
sneaker_350.png,scarpe da ginnastica
sneaker_351.png,scarpe da ginnastica
sneaker_352.png,scarpe da ginnastica
sneaker_353.png,scarpe da ginnastica
sneaker_354.png,scarpe da ginnastica
sneaker_355.png,scarpe da ginnastica
sneaker_356.png,scarpe da ginnastica
sneaker_357.png,scarpe da ginnastica
sneaker_358.png,scarpe da ginnastica
sneaker_359.png,scarpe da ginnastica
sneaker_360.png,scarpe da ginnastica
sneaker_362.png,scarpe da ginnastica
sneaker_364.png,scarpe da ginnastica
sneaker_365.png,scarpe da ginnastica
sneaker_366.png,scarpe da ginnastica
sneaker_367.png,scarpe da ginnastica
sneaker_368.png,scarpe da ginnastica
sneaker_369.png,scarpe da ginnastica
sneaker_370.png,scarpe da ginnastica
sneaker_372.png,scarpe da ginnastica
sneaker_374.png,scarpe da ginnastica
sneaker_375.png,scarpe da ginnastica
sneaker_376.png,scarpe da ginnastica
sneaker_379.png,scarpe da ginnastica
sneaker_380.png,scarpe da ginnastica
sneaker_381.png,scarpe da ginnastica
sneaker_383.png,scarpe da ginnastica
sneaker_384.png,scarpe da ginnastica
sneaker_385.png,scarpe da ginnastica
sneaker_386.png,scarpe da ginnastica
sneaker_387.png,scarpe da ginnastica
sneaker_388.png,scarpe da ginnastica
sneaker_389.png,scarpe da ginnastica
sneaker_390.png,scarpe da ginnastica
sneaker_392.png,scarpe da ginnastica
sneaker_393.png,scarpe da ginnastica
sneaker_394.png,scarpe da ginnastica
sneaker_396.png,scarpe da ginnastica
sneaker_398.png,scarpe da ginnastica
sneaker_399.png,scarpe da ginnastica
sneaker_400.png,scarpe da ginnastica
sneaker_401.png,scarpe da ginnastica
sneaker_402.png,scarpe da ginnastica
sneaker_403.png,scarpe da ginnastica
sneaker_404.png,scarpe da ginnastica
sneaker_405.png,scarpe da ginnastica
sneaker_406.png,scarpe da ginnastica
sneaker_407.png,scarpe da ginnastica
sneaker_408.png,scarpe da ginnastica
sneaker_410.png,scarpe da ginnastica
sneaker_412.png,scarpe da ginnastica
sneaker_413.png,scarpe da ginnastica
sneaker_416.png,scarpe da ginnastica
sneaker_420.png,scarpe da ginnastica
sneaker_422.png,scarpe da ginnastica
sneaker_425.png,scarpe da ginnastica
sneaker_426.png,scarpe da ginnastica
sneaker_427.png,scarpe da ginnastica
sneaker_428.png,scarpe da ginnastica
sneaker_429.png,scarpe da ginnastica
sneaker_431.png,scarpe da ginnastica
sneaker_432.png,scarpe da ginnastica
sneaker_433.png,scarpe da ginnastica
sneaker_434.png,scarpe da ginnastica
sneaker_435.png,scarpe da ginnastica
sneaker_437.png,scarpe da ginnastica
sneaker_438.png,scarpe da ginnastica
sneaker_439.png,scarpe da ginnastica
sneaker_440.png,scarpe da ginnastica
sneaker_441.png,scarpe da ginnastica
sneaker_443.png,scarpe da ginnastica
sneaker_444.png,scarpe da ginnastica
sneaker_445.png,scarpe da ginnastica
sneaker_446.png,scarpe da ginnastica
sneaker_447.png,scarpe da ginnastica
sneaker_450.png,scarpe da ginnastica
sneaker_452.png,scarpe da ginnastica
sneaker_453.png,scarpe da ginnastica
sneaker_454.png,scarpe da ginnastica
sneaker_455.png,scarpe da ginnastica
sneaker_456.png,scarpe da ginnastica
sneaker_460.png,scarpe da ginnastica
sneaker_461.png,scarpe da ginnastica
sneaker_462.png,scarpe da ginnastica
sneaker_463.png,scarpe da ginnastica
sneaker_464.png,scarpe da ginnastica
sneaker_465.png,scarpe da ginnastica
sneaker_466.png,scarpe da ginnastica
sneaker_467.png,scarpe da ginnastica
sneaker_468.png,scarpe da ginnastica
sneaker_471.png,scarpe da ginnastica
sneaker_472.png,scarpe da ginnastica
sneaker_473.png,scarpe da ginnastica
sneaker_477.png,scarpe da ginnastica
sneaker_478.png,scarpe da ginnastica
sneaker_479.png,scarpe da ginnastica
sneaker_481.png,scarpe da ginnastica
sneaker_483.png,scarpe da ginnastica
sneaker_484.png,scarpe da ginnastica
sneaker_485.png,scarpe da ginnastica
sneaker_486.png,scarpe da ginnastica
sneaker_487.png,scarpe da ginnastica
sneaker_491.png,scarpe da ginnastica
sneaker_492.png,scarpe da ginnastica
sneaker_493.png,scarpe da ginnastica
sneaker_494.png,scarpe da ginnastica
sneaker_495.png,scarpe da ginnastica
sneaker_498.png,scarpe da ginnastica
sneaker_499.png,scarpe da ginnastica
sneaker_500.png,scarpe da ginnastica
sneaker_501.png,scarpe da ginnastica
sneaker_502.png,scarpe da ginnastica
sneaker_503.png,scarpe da ginnastica
sneaker_504.png,scarpe da ginnastica
sneaker_506.png,scarpe da ginnastica
sneaker_510.png,scarpe da ginnastica
sneaker_511.png,scarpe da ginnastica
sneaker_512.png,scarpe da ginnastica
sneaker_513.png,scarpe da ginnastica
sneaker_515.png,scarpe da ginnastica
sneaker_516.png,scarpe da ginnastica
sneaker_517.png,scarpe da ginnastica
sneaker_518.png,scarpe da ginnastica
sneaker_519.png,scarpe da ginnastica
sneaker_521.png,scarpe da ginnastica
sneaker_522.png,scarpe da ginnastica
sneaker_523.png,scarpe da ginnastica
sneaker_524.png,scarpe da ginnastica
sneaker_525.png,scarpe da ginnastica
sneaker_526.png,scarpe da ginnastica
sneaker_532.png,scarpe da ginnastica
sneaker_533.png,scarpe da ginnastica
sneaker_534.png,scarpe da ginnastica
sneaker_535.png,scarpe da ginnastica
sneaker_539.png,scarpe da ginnastica
sneaker_540.png,scarpe da ginnastica
sneaker_541.png,scarpe da ginnastica
sneaker_542.png,scarpe da ginnastica
sneaker_543.png,scarpe da ginnastica
sneaker_544.png,scarpe da ginnastica
sneaker_546.png,scarpe da ginnastica
sneaker_548.png,scarpe da ginnastica
sneaker_549.png,scarpe da ginnastica
sneaker_550.png,scarpe da ginnastica
sneaker_552.png,scarpe da ginnastica
sneaker_556.png,scarpe da ginnastica
sneaker_557.png,scarpe da ginnastica
sneaker_560.png,scarpe da ginnastica
sneaker_561.png,scarpe da ginnastica
sneaker_563.png,scarpe da ginnastica
sneaker_564.png,scarpe da ginnastica
sneaker_565.png,scarpe da ginnastica
sneaker_567.png,scarpe da ginnastica
sneaker_568.png,scarpe da ginnastica
sneaker_569.png,scarpe da ginnastica
sneaker_570.png,scarpe da ginnastica
sneaker_571.png,scarpe da ginnastica
sneaker_573.png,scarpe da ginnastica
sneaker_574.png,scarpe da ginnastica
sneaker_575.png,scarpe da ginnastica
sneaker_576.png,scarpe da ginnastica
sneaker_577.png,scarpe da ginnastica
sneaker_580.png,scarpe da ginnastica
sneaker_581.png,scarpe da ginnastica
sneaker_584.png,scarpe da ginnastica
sneaker_590.png,scarpe da ginnastica
sneaker_591.png,scarpe da ginnastica
sneaker_592.png,scarpe da ginnastica
sneaker_593.png,scarpe da ginnastica
sneaker_595.png,scarpe da ginnastica
sneaker_596.png,scarpe da ginnastica
sneaker_597.png,scarpe da ginnastica
sneaker_598.png,scarpe da ginnastica
sneaker_599.png,scarpe da ginnastica
sneaker_600.png,scarpe da ginnastica
sneaker_603.png,scarpe da ginnastica
sneaker_604.png,scarpe da ginnastica
sneaker_605.png,scarpe da ginnastica
sneaker_606.png,scarpe da ginnastica
sneaker_607.png,scarpe da ginnastica
sneaker_610.png,scarpe da ginnastica
sneaker_611.png,scarpe da ginnastica
sneaker_613.png,scarpe da ginnastica
sneaker_614.png,scarpe da ginnastica
sneaker_615.png,scarpe da ginnastica
sneaker_617.png,scarpe da ginnastica
sneaker_618.png,scarpe da ginnastica
sneaker_619.png,scarpe da ginnastica
sneaker_620.png,scarpe da ginnastica
sneaker_621.png,scarpe da ginnastica
sneaker_622.png,scarpe da ginnastica
sneaker_624.png,scarpe da ginnastica
sneaker_625.png,scarpe da ginnastica
sneaker_626.png,scarpe da ginnastica
sneaker_627.png,scarpe da ginnastica
sneaker_630.png,scarpe da ginnastica
sneaker_631.png,scarpe da ginnastica
sneaker_633.png,scarpe da ginnastica
sneaker_634.png,scarpe da ginnastica
sneaker_636.png,scarpe da ginnastica
sneaker_637.png,scarpe da ginnastica
sneaker_639.png,scarpe da ginnastica
sneaker_640.png,scarpe da ginnastica
sneaker_641.png,scarpe da ginnastica
sneaker_644.png,scarpe da ginnastica
sneaker_645.png,scarpe da ginnastica
sneaker_646.png,scarpe da ginnastica
sneaker_648.png,scarpe da ginnastica
sneaker_649.png,scarpe da ginnastica
sneaker_651.png,scarpe da ginnastica
sneaker_653.png,scarpe da ginnastica
sneaker_654.png,scarpe da ginnastica
sneaker_655.png,scarpe da ginnastica
sneaker_657.png,scarpe da ginnastica
sneaker_658.png,scarpe da ginnastica
sneaker_659.png,scarpe da ginnastica
sneaker_662.png,scarpe da ginnastica
sneaker_663.png,scarpe da ginnastica
sneaker_665.png,scarpe da ginnastica
sneaker_666.png,scarpe da ginnastica
sneaker_667.png,scarpe da ginnastica
sneaker_668.png,scarpe da ginnastica
sneaker_669.png,scarpe da ginnastica
sneaker_671.png,scarpe da ginnastica
sneaker_672.png,scarpe da ginnastica
sneaker_674.png,scarpe da ginnastica
sneaker_675.png,scarpe da ginnastica
sneaker_676.png,scarpe da ginnastica
sneaker_677.png,scarpe da ginnastica
sneaker_678.png,scarpe da ginnastica
sneaker_679.png,scarpe da ginnastica
sneaker_680.png,scarpe da ginnastica
sneaker_681.png,scarpe da ginnastica
sneaker_682.png,scarpe da ginnastica
sneaker_683.png,scarpe da ginnastica
sneaker_684.png,scarpe da ginnastica
sneaker_686.png,scarpe da ginnastica
sneaker_688.png,scarpe da ginnastica
sneaker_689.png,scarpe da ginnastica
sneaker_691.png,scarpe da ginnastica
sneaker_693.png,scarpe da ginnastica
sneaker_694.png,scarpe da ginnastica
sneaker_695.png,scarpe da ginnastica
sneaker_696.png,scarpe da ginnastica
sneaker_697.png,scarpe da ginnastica
sneaker_699.png,scarpe da ginnastica
sneaker_700.png,scarpe da ginnastica
sneaker_701.png,scarpe da ginnastica
sneaker_702.png,scarpe da ginnastica
sneaker_703.png,scarpe da ginnastica
sneaker_704.png,scarpe da ginnastica
sneaker_705.png,scarpe da ginnastica
sneaker_707.png,scarpe da ginnastica
sneaker_708.png,scarpe da ginnastica
sneaker_709.png,scarpe da ginnastica
sneaker_711.png,scarpe da ginnastica
sneaker_713.png,scarpe da ginnastica
sneaker_714.png,scarpe da ginnastica
sneaker_715.png,scarpe da ginnastica
sneaker_716.png,scarpe da ginnastica
sneaker_717.png,scarpe da ginnastica
sneaker_718.png,scarpe da ginnastica
sneaker_719.png,scarpe da ginnastica
sneaker_726.png,scarpe da ginnastica
sneaker_727.png,scarpe da ginnastica
sneaker_729.png,scarpe da ginnastica
sneaker_732.png,scarpe da ginnastica
sneaker_733.png,scarpe da ginnastica
sneaker_734.png,scarpe da ginnastica
sneaker_736.png,scarpe da ginnastica
sneaker_738.png,scarpe da ginnastica
sneaker_739.png,scarpe da ginnastica
sneaker_740.png,scarpe da ginnastica
sneaker_742.png,scarpe da ginnastica
sneaker_743.png,scarpe da ginnastica
sneaker_744.png,scarpe da ginnastica
sneaker_745.png,scarpe da ginnastica
sneaker_746.png,scarpe da ginnastica
sneaker_747.png,scarpe da ginnastica
sneaker_748.png,scarpe da ginnastica
sneaker_749.png,scarpe da ginnastica
sneaker_750.png,scarpe da ginnastica
sneaker_751.png,scarpe da ginnastica
sneaker_752.png,scarpe da ginnastica
sneaker_753.png,scarpe da ginnastica
sneaker_754.png,scarpe da ginnastica
sneaker_755.png,scarpe da ginnastica
sneaker_756.png,scarpe da ginnastica
sneaker_757.png,scarpe da ginnastica
sneaker_758.png,scarpe da ginnastica
sneaker_760.png,scarpe da ginnastica
sneaker_763.png,scarpe da ginnastica
sneaker_764.png,scarpe da ginnastica
sneaker_765.png,scarpe da ginnastica
sneaker_766.png,scarpe da ginnastica
sneaker_769.png,scarpe da ginnastica
sneaker_771.png,scarpe da ginnastica
sneaker_772.png,scarpe da ginnastica
sneaker_773.png,scarpe da ginnastica
sneaker_775.png,scarpe da ginnastica
coat_100.png,giacca in pelle
coat_11.png,giacca in pelle
coat_1475.png,blazer
coat_1795.png,blazer
coat_18.png,giacca in pelle
coat_195.png,giubbino invernale
coat_20.png,giubbino leggero
coat_2039.png,giacca in pelle
coat_2102.png,giacca in pelle
coat_2971.png,giacchetta
coat_2973.png,giubbino leggero
coat_2985.png,montgomery
coat_2994.png,montgomery
coat_2996.png,giacchetta
coat_2997.png,giubbino leggero
coat_3011.png,giacchetta
coat_3026.png,giubbino leggero
coat_3039.png,giacchetta
coat_3044.png,giubbino leggero
coat_3045.png,giubbino leggero
coat_3047.png,giacchetta
coat_3049.png,giacchetta
coat_3051.png,giacchetta
coat_3059.png,montgomery
coat_3060.png,giubbino invernale
coat_3074.png,giubbino leggero
coat_3094.png,giacchetta
coat_3097.png,giacchetta
coat_3108.png,giubbino leggero
coat_3113.png,blazer
coat_3125.png,giacchetta
coat_3127.png,giacchetta
coat_3129.png,giacchetta
coat_3132.png,montgomery
coat_3133.png,giubbino leggero
coat_3134.png,giacchetta
coat_3141.png,giubbino leggero
coat_3149.png,giubbino invernale
coat_3158.png,giubbino leggero
coat_3164.png,giubbino invernale
coat_3168.png,giubbino leggero
coat_3171.png,giubbino leggero
coat_3209.png,giubbino leggero
coat_3210.png,giacca in pelle
coat_3231.png,giubbino leggero
coat_3234.png,montgomery
coat_3251.png,giacchetta
coat_3252.png,giacchetta
coat_3253.png,blazer
coat_3254.png,giubbino leggero
coat_3255.png,giacchetta
coat_3256.png,giacchetta
coat_3265.png,giubbino leggero
coat_3274.png,giubbino invernale
coat_3286.png,giacchetta
coat_3288.png,giacca in pelle
coat_3289.png,giacchetta
coat_3291.png,giubbino leggero
coat_3294.png,giacchetta
coat_3308.png,giubbino leggero
coat_3313.png,giubbino leggero
coat_3319.png,giacchetta
coat_3328.png,giubbino invernale
coat_3332.png,giubbino leggero
coat_3344.png,giacchetta
coat_3356.png,giacca in pelle
coat_3360.png,giacchetta
coat_3361.png,giacchetta
coat_3371.png,giubbino leggero
coat_3387.png,giubbino leggero
coat_3388.png,giacca in pelle
coat_3402.png,giubbino invernale
coat_3403.png,giacca in pelle
coat_3413.png,giubbino leggero
coat_3426.png,giacchetta
coat_3440.png,giacchetta
coat_3443.png,giacchetta
coat_3448.png,blazer
coat_3451.png,montgomery
coat_3452.png,montgomery
coat_3458.png,giacchetta
coat_3461.png,giacchetta
coat_3462.png,giubbino leggero
coat_3463.png,giubbino leggero
coat_3469.png,giacchetta
coat_3470.png,giubbino leggero
coat_3471.png,giubbino leggero
coat_3472.png,giubbino leggero
coat_3479.png,giubbino leggero
coat_3480.png,giacca in pelle
coat_3481.png,giubbino invernale
coat_3484.png,giubbino leggero
coat_3494.png,giubbino leggero
coat_3504.png,giubbino invernale
coat_3512.png,giacchetta
coat_3515.png,giubbino leggero
coat_3518.png,giubbino invernale
coat_3520.png,giubbino invernale
coat_3522.png,giacchetta
coat_3523.png,montgomery
coat_3535.png,giubbino leggero
coat_3537.png,giubbino leggero
coat_3538.png,giacchetta
coat_3546.png,giubbino leggero
coat_3551.png,giacchetta
coat_3558.png,giubbino leggero
coat_3559.png,giubbino leggero
coat_3564.png,giacchetta
coat_3567.png,giacchetta
coat_3568.png,giacchetta
coat_3576.png,giacchetta
coat_3583.png,giacchetta
coat_3584.png,giubbino leggero
coat_3589.png,montgomery
coat_3590.png,giubbino leggero
coat_3592.png,giubbino leggero
coat_3594.png,giubbino invernale
coat_3601.png,giubbino leggero
coat_3615.png,giubbino invernale
coat_3621.png,giacchetta
coat_3626.png,giubbino leggero
coat_3630.png,giacchetta
coat_3670.png,giacchetta
coat_3674.png,giacchetta
coat_3682.png,giacchetta
coat_3688.png,giubbino invernale
coat_3703.png,giacchetta
coat_3704.png,giacchetta
coat_3715.png,giubbino leggero
coat_3718.png,giacca in pelle
coat_3720.png,giubbino leggero
coat_3734.png,giacchetta
coat_3737.png,giubbino leggero
coat_3747.png,giubbino invernale
coat_3756.png,giacca in pelle
coat_3757.png,giacchetta
coat_3760.png,giubbino invernale
coat_3761.png,montgomery
coat_3766.png,blazer
coat_3772.png,giacchetta
coat_3781.png,giacchetta
coat_3800.png,giacchetta
coat_3804.png,giacchetta
coat_3812.png,giacca in pelle
coat_3814.png,montgomery
coat_3817.png,giacchetta
coat_3826.png,giacchetta
coat_3828.png,giubbino leggero
coat_3831.png,giubbino leggero
coat_3838.png,giacchetta
coat_3839.png,giacchetta
coat_3870.png,giacchetta
coat_3872.png,giubbino leggero
coat_3877.png,giacchetta
coat_3880.png,blazer
coat_3888.png,giubbino leggero
coat_3905.png,blazer
coat_3908.png,montgomery
coat_3909.png,giubbino invernale
coat_3912.png,giubbino invernale
coat_3915.png,montgomery
coat_3918.png,giubbino invernale
coat_3929.png,giubbino leggero
coat_3942.png,giubbino leggero
coat_3951.png,giacca in pelle
coat_3953.png,giacchetta
coat_3964.png,giubbino leggero
coat_3975.png,giacchetta
coat_3990.png,giacchetta
coat_3994.png,giacchetta
coat_4001.png,giubbino leggero
coat_4024.png,giubbino invernale
coat_4040.png,giubbino invernale
coat_4043.png,giubbino leggero
coat_4045.png,giacchetta
coat_4050.png,giubbino leggero
coat_4052.png,montgomery
coat_4069.png,blazer
coat_4071.png,giubbino leggero
coat_4076.png,giubbino leggero
coat_4092.png,giacchetta
coat_4093.png,giacchetta
coat_4106.png,giacchetta
coat_4109.png,montgomery
coat_4114.png,giacchetta
coat_4121.png,giacchetta
coat_4130.png,giubbino invernale
coat_4131.png,giacchetta
coat_4139.png,giacchetta
coat_4147.png,giacchetta
coat_4149.png,giacchetta
coat_4154.png,montgomery
coat_4172.png,giubbino leggero
coat_4174.png,giubbino leggero
coat_4181.png,giacca in pelle
coat_4185.png,giubbino leggero
coat_4187.png,giubbino leggero
coat_4190.png,giacchetta
coat_4191.png,giacchetta
coat_4194.png,giacchetta
coat_4198.png,giacchetta
coat_4201.png,giubbino leggero
coat_4205.png,giubbino invernale
coat_4207.png,montgomery
coat_4210.png,giubbino leggero
coat_4219.png,giacca in pelle
coat_4238.png,montgomery
coat_4250.png,giacchetta
coat_4254.png,giubbino leggero
coat_4258.png,giubbino leggero
coat_4263.png,giubbino invernale
coat_4276.png,giacchetta
coat_4278.png,giubbino leggero
coat_4283.png,giubbino leggero
coat_4286.png,giacchetta
coat_4289.png,giacchetta
coat_4292.png,montgomery
coat_4310.png,giubbino leggero
coat_4312.png,giubbino leggero
coat_4319.png,giubbino leggero
coat_4324.png,giacchetta
coat_4325.png,giacchetta
coat_4331.png,giubbino invernale
coat_4334.png,montgomery
coat_4335.png,giacchetta
coat_4336.png,montgomery
coat_4350.png,giacchetta
coat_4354.png,giubbino invernale
coat_4360.png,giacchetta
coat_4365.png,giubbino leggero
coat_4366.png,giubbino leggero
coat_4370.png,giubbino leggero
coat_4376.png,giubbino leggero
coat_4393.png,giacchetta
coat_4396.png,giacchetta
coat_4400.png,giacchetta
coat_4407.png,giacchetta
coat_4410.png,giubbino invernale
coat_4427.png,giubbino invernale
coat_4434.png,giacchetta
coat_4439.png,giacchetta
coat_4440.png,giacchetta
coat_4442.png,giubbino leggero
coat_4449.png,giubbino leggero
coat_4451.png,giubbino leggero
coat_4455.png,giubbino leggero
coat_4457.png,giubbino invernale
coat_4459.png,giacchetta
coat_4461.png,giacchetta
coat_4465.png,giacchetta
coat_4466.png,giubbino invernale
coat_4468.png,blazer
coat_4477.png,giacchetta
coat_4487.png,giubbino leggero
coat_4491.png,giubbino leggero
coat_4500.png,giacchetta
coat_4507.png,giubbino invernale
coat_4511.png,montgomery
coat_4512.png,giacchetta
coat_4515.png,giacchetta
coat_4516.png,montgomery
coat_4518.png,montgomery
coat_4529.png,giacchetta
coat_4551.png,giubbino invernale
coat_4556.png,montgomery
coat_4560.png,giubbino leggero
coat_4572.png,giacchetta
coat_4585.png,giubbino leggero
coat_4587.png,montgomery
coat_4595.png,giubbino invernale
coat_4608.png,giacchetta
coat_4609.png,giubbino leggero
coat_4611.png,giacchetta
coat_4612.png,giacchetta
coat_4618.png,giubbino leggero
coat_4620.png,giacchetta
coat_4641.png,giacchetta
coat_4643.png,giacchetta
coat_4646.png,giubbino leggero
coat_4648.png,giacchetta
coat_4652.png,giubbino leggero
coat_4659.png,giacchetta
coat_4671.png,giubbino leggero
coat_4682.png,giubbino leggero
coat_4684.png,giubbino leggero
coat_4687.png,giacchetta
coat_4694.png,montgomery
coat_4712.png,giubbino leggero
coat_4713.png,giacchetta
coat_4717.png,giacchetta
coat_4719.png,giubbino leggero
coat_4722.png,giubbino invernale
coat_4725.png,giacchetta
coat_4731.png,giacchetta
coat_4736.png,montgomery
coat_4742.png,giubbino leggero
coat_4744.png,giacchetta
coat_4764.png,giubbino leggero
coat_4776.png,giubbino leggero
coat_4781.png,giacchetta
coat_4795.png,giubbino leggero
coat_4799.png,giubbino leggero
coat_4801.png,montgomery
coat_4802.png,giacchetta
coat_4804.png,giubbino leggero
coat_4811.png,giubbino leggero
coat_4837.png,giacchetta
coat_4840.png,giacchetta
coat_4844.png,giubbino leggero
coat_4860.png,giubbino leggero
coat_4865.png,giacchetta
coat_4872.png,giacchetta
coat_4874.png,giubbino leggero
coat_4883.png,montgomery
coat_4892.png,giacchetta
coat_4916.png,giacchetta
coat_4921.png,giubbino leggero
coat_4925.png,giubbino leggero
coat_4930.png,giubbino leggero
coat_4931.png,giubbino leggero
coat_4933.png,giacchetta
coat_4941.png,giacchetta
coat_4949.png,giubbino invernale
coat_4950.png,giubbino leggero
coat_4951.png,giubbino leggero
coat_4965.png,giubbino leggero
coat_4966.png,giubbino leggero
coat_4968.png,giubbino invernale
coat_4970.png,giubbino leggero
coat_4972.png,giubbino leggero
coat_4975.png,montgomery
coat_4976.png,giubbino leggero
coat_4977.png,montgomery
coat_4983.png,giacchetta
coat_4990.png,giacchetta
coat_4992.png,giubbino leggero
coat_5005.png,giacchetta
coat_5012.png,giubbino leggero
coat_5024.png,giubbino leggero
coat_5025.png,giubbino leggero
coat_5031.png,giubbino leggero
coat_5034.png,blazer
coat_5036.png,giubbino invernale
coat_5058.png,giubbino leggero
coat_5062.png,giubbino leggero
coat_5082.png,giubbino leggero
coat_5089.png,giubbino invernale
coat_5094.png,giubbino leggero
coat_5096.png,giubbino invernale
coat_5101.png,giubbino invernale
coat_5118.png,giacchetta
coat_5127.png,giacchetta
coat_5133.png,giubbino leggero
coat_5134.png,giubbino leggero
coat_5135.png,giubbino leggero
coat_5157.png,giubbino leggero
coat_5160.png,giubbino invernale
coat_5169.png,montgomery
coat_5177.png,giubbino leggero
coat_5180.png,giubbino invernale
coat_5187.png,giacca in pelle
coat_5191.png,giubbino leggero
coat_5199.png,giacchetta
coat_5207.png,giubbino invernale
coat_5208.png,giubbino leggero
coat_5216.png,giubbino leggero
coat_5221.png,giubbino leggero
coat_5237.png,giubbino leggero
coat_5247.png,giubbino leggero
coat_5250.png,giacchetta
coat_5255.png,giubbino leggero
coat_5260.png,giacchetta
coat_5270.png,giubbino leggero
coat_5271.png,giacchetta
coat_5282.png,giubbino leggero
coat_5288.png,giubbino leggero
coat_5291.png,giacchetta
coat_5308.png,montgomery
coat_5326.png,montgomery
coat_5356.png,giubbino leggero
coat_5381.png,giacchetta
coat_5385.png,giacca in pelle
coat_5395.png,giacca in pelle
coat_5404.png,blazer
coat_5406.png,giubbino leggero
coat_5412.png,giubbino leggero
coat_5418.png,giacchetta
coat_5425.png,giubbino leggero
coat_5429.png,giacchetta
coat_5447.png,giacca in pelle
coat_5455.png,giubbino leggero
coat_5461.png,montgomery
coat_5465.png,giacchetta
coat_5479.png,giubbino invernale
coat_5481.png,giubbino leggero
coat_5482.png,giacca in pelle
coat_5496.png,giubbino leggero
coat_5501.png,giubbino leggero
coat_5503.png,giacchetta
coat_5514.png,giubbino leggero
coat_5517.png,giacchetta
coat_5528.png,giubbino leggero
coat_5532.png,giacchetta
coat_5543.png,giacchetta
coat_5562.png,giacchetta
coat_5570.png,giacchetta
coat_5591.png,giacchetta
coat_5595.png,giubbino leggero
coat_5600.png,giacchetta
coat_5601.png,giacchetta
coat_5605.png,giacchetta
coat_5607.png,giacchetta
coat_5613.png,giubbino leggero
coat_5617.png,giubbino leggero
coat_5628.png,giubbino invernale
coat_5639.png,blazer
coat_5651.png,montgomery
coat_5652.png,giubbino invernale
coat_5653.png,giubbino leggero
coat_5660.png,giacchetta
coat_5664.png,giacca in pelle
coat_5669.png,montgomery
coat_5687.png,giubbino leggero
coat_5696.png,giubbino leggero
coat_5700.png,blazer
coat_5703.png,giubbino leggero
coat_5705.png,giubbino invernale
coat_5708.png,giacchetta
coat_5710.png,giubbino leggero
coat_5711.png,giubbino leggero
coat_5715.png,giubbino leggero
coat_5716.png,giubbino leggero
coat_5723.png,giacca in pelle
coat_5735.png,giacchetta
coat_5746.png,montgomery
coat_5747.png,giubbino invernale
coat_5752.png,giubbino leggero
coat_5754.png,giubbino leggero
coat_5762.png,giacca in pelle
coat_5765.png,giacchetta
coat_5769.png,giubbino leggero
coat_5781.png,giacchetta
coat_5788.png,giubbino leggero
coat_5790.png,giubbino leggero
coat_5793.png,giubbino leggero
coat_5796.png,giacchetta
coat_5798.png,giubbino invernale
coat_5799.png,giacca in pelle
coat_5801.png,giacchetta
coat_5802.png,giubbino leggero
coat_5811.png,giubbino leggero
coat_5813.png,blazer
coat_5815.png,giacchetta
coat_5816.png,giubbino leggero
coat_5817.png,giubbino leggero
coat_5819.png,montgomery
coat_5820.png,giacchetta
coat_5821.png,giubbino leggero
coat_5831.png,giubbino leggero
coat_5832.png,giubbino invernale
coat_5833.png,giubbino leggero
coat_5837.png,giubbino leggero
coat_5840.png,giacchetta
coat_5843.png,giacca in pelle
coat_5849.png,giacchetta
coat_5853.png,giubbino invernale
coat_5856.png,giubbino leggero
coat_5857.png,giubbino leggero
coat_5864.png,giubbino leggero
coat_5866.png,giubbino leggero
coat_5885.png,giubbino leggero
coat_5896.png,giacca in pelle
coat_5898.png,giacchetta
coat_5899.png,giacchetta
coat_5900.png,giacchetta
coat_5914.png,blazer
coat_5916.png,giubbino leggero
coat_5917.png,giacchetta
coat_5919.png,giubbino leggero
coat_5920.png,giubbino invernale
coat_5937.png,giacchetta
coat_5938.png,giubbino leggero
coat_5944.png,giubbino invernale
coat_5945.png,giubbino invernale
coat_5949.png,giacchetta
coat_5957.png,giacchetta
coat_5962.png,giacchetta
coat_5963.png,giubbino leggero
coat_5967.png,giubbino invernale
coat_5978.png,giacchetta
coat_5994.png,giubbino invernale
coat_5998.png,giubbino leggero
coat_66.png,montgomery
coat_8.png,giubbino invernale
coat_80.png,blazer
shirt_1.png,camicia a maniche lunghe
shirt_1002.png,camicia a maniche corte
shirt_1006.png,camicia a maniche corte
shirt_1016.png,camicia a maniche lunghe
shirt_1028.png,camicia a maniche lunghe
shirt_1036.png,camicia a maniche lunghe
shirt_1040.png,camicia a maniche lunghe
shirt_1080.png,camicia a maniche lunghe
shirt_1081.png,camicia a maniche lunghe
shirt_1083.png,camicia a maniche lunghe
shirt_1095.png,camicia a maniche lunghe
shirt_1107.png,camicia a maniche corte
shirt_1132.png,camicia a maniche corte
shirt_1145.png,camicia a maniche lunghe
shirt_1153.png,camicia a maniche corte
shirt_1164.png,camicia a maniche corte
shirt_1168.png,camicia a maniche lunghe
shirt_1170.png,camicia a maniche lunghe
shirt_1183.png,camicia a maniche corte
shirt_119.png,camicia a maniche lunghe
shirt_1202.png,camicia a maniche lunghe
shirt_1203.png,camicia a maniche corte
shirt_1208.png,camicia a maniche corte
shirt_1210.png,camicia a maniche lunghe
shirt_1222.png,camicia a maniche lunghe
shirt_1230.png,camicia a maniche lunghe
shirt_1231.png,camicia a maniche lunghe
shirt_1235.png,camicia a maniche corte
shirt_1236.png,camicia a maniche corte
shirt_1239.png,camicia a maniche corte
shirt_1259.png,camicia a maniche lunghe
shirt_1267.png,camicia a maniche lunghe
shirt_1275.png,camicia a maniche lunghe
shirt_1277.png,camicia a maniche lunghe
shirt_1287.png,camicia a maniche lunghe
shirt_1292.png,camicia a maniche lunghe
shirt_13.png,camicia a maniche lunghe
shirt_1313.png,camicia a maniche lunghe
shirt_1317.png,camicia a maniche corte
shirt_1327.png,camicia a maniche lunghe
shirt_1328.png,camicia a maniche lunghe
shirt_1335.png,camicia a maniche lunghe
shirt_134.png,camicia a maniche lunghe
shirt_1342.png,camicia a maniche lunghe
shirt_135.png,camicia a maniche lunghe
shirt_1351.png,camicia a maniche corte
shirt_1357.png,camicia a maniche lunghe
shirt_1359.png,camicia a maniche lunghe
shirt_1367.png,camicia a maniche lunghe
shirt_1369.png,camicia a maniche lunghe
shirt_1370.png,camicia a maniche corte
shirt_1373.png,camicia a maniche lunghe
shirt_1399.png,camicia a maniche corte
shirt_140.png,camicia a maniche lunghe
shirt_1405.png,camicia a maniche lunghe
shirt_1409.png,camicia a maniche lunghe
shirt_1421.png,camicia a maniche lunghe
shirt_1457.png,camicia a maniche lunghe
shirt_1458.png,camicia a maniche lunghe
shirt_1460.png,camicia a maniche lunghe
shirt_1477.png,camicia a maniche corte
shirt_1479.png,camicia a maniche lunghe
shirt_1487.png,camicia a maniche corte
shirt_1488.png,camicia a maniche lunghe
shirt_149.png,camicia a maniche lunghe
shirt_1491.png,camicia a maniche lunghe
shirt_1503.png,camicia a maniche lunghe
shirt_1511.png,camicia a maniche corte
shirt_1526.png,camicia a maniche lunghe
shirt_1540.png,camicia a maniche lunghe
shirt_1557.png,camicia a maniche corte
shirt_1567.png,camicia a maniche lunghe
shirt_1570.png,camicia a maniche lunghe
shirt_1580.png,camicia a maniche lunghe
shirt_1595.png,camicia a maniche corte
shirt_1602.png,camicia a maniche corte
shirt_161.png,camicia a maniche lunghe
shirt_1617.png,camicia a maniche lunghe
shirt_1618.png,camicia a maniche lunghe
shirt_1624.png,camicia a maniche lunghe
shirt_163.png,camicia a maniche corte
shirt_1649.png,camicia a maniche lunghe
shirt_1651.png,camicia a maniche lunghe
shirt_1677.png,camicia a maniche lunghe
shirt_1678.png,camicia a maniche lunghe
shirt_1681.png,camicia a maniche lunghe
shirt_1683.png,camicia a maniche corte
shirt_1688.png,camicia a maniche lunghe
shirt_169.png,camicia a maniche corte
shirt_1693.png,camicia a maniche lunghe
shirt_1709.png,camicia a maniche lunghe
shirt_1738.png,camicia a maniche lunghe
shirt_1748.png,camicia a maniche corte
shirt_1761.png,camicia a maniche lunghe
shirt_1775.png,camicia a maniche corte
shirt_1778.png,camicia a maniche lunghe
shirt_178.png,camicia a maniche lunghe
shirt_1780.png,camicia a maniche corte
shirt_1806.png,camicia a maniche lunghe
shirt_1818.png,camicia a maniche lunghe
shirt_182.png,camicia a maniche corte
shirt_1827.png,camicia a maniche lunghe
shirt_1836.png,camicia a maniche corte
shirt_1841.png,camicia a maniche lunghe
shirt_1842.png,camicia a maniche lunghe
shirt_186.png,camicia a maniche corte
shirt_1862.png,camicia a maniche lunghe
shirt_1871.png,camicia a maniche lunghe
shirt_1897.png,camicia a maniche lunghe
shirt_1905.png,camicia a maniche corte
shirt_1907.png,camicia a maniche lunghe
shirt_191.png,camicia a maniche corte
shirt_1922.png,camicia a maniche lunghe
shirt_1923.png,camicia a maniche lunghe
shirt_193.png,camicia a maniche lunghe
shirt_1944.png,camicia a maniche lunghe
shirt_1948.png,camicia a maniche lunghe
shirt_1949.png,camicia a maniche lunghe
shirt_195.png,camicia a maniche lunghe
shirt_1964.png,camicia a maniche lunghe
shirt_1972.png,camicia a maniche lunghe
shirt_1986.png,camicia a maniche corte
shirt_1989.png,camicia a maniche corte
shirt_1994.png,camicia a maniche lunghe
shirt_1998.png,camicia a maniche lunghe
shirt_1999.png,camicia a maniche corte
shirt_2.png,camicia a maniche lunghe
shirt_2004.png,camicia a maniche lunghe
shirt_2009.png,camicia a maniche lunghe
shirt_202.png,camicia a maniche lunghe
shirt_21.png,camicia a maniche lunghe
shirt_211.png,camicia a maniche lunghe
shirt_212.png,camicia a maniche corte
shirt_22.png,camicia a maniche corte
shirt_222.png,camicia a maniche lunghe
shirt_224.png,camicia a maniche lunghe
shirt_238.png,camicia a maniche corte
shirt_243.png,camicia a maniche lunghe
shirt_247.png,camicia a maniche lunghe
shirt_268.png,camicia a maniche lunghe
shirt_269.png,camicia a maniche lunghe
shirt_275.png,camicia a maniche lunghe
shirt_277.png,camicia a maniche lunghe
shirt_283.png,camicia a maniche lunghe
shirt_293.png,camicia a maniche lunghe
shirt_298.png,camicia a maniche lunghe
shirt_299.png,camicia a maniche corte
shirt_308.png,camicia a maniche lunghe
shirt_336.png,camicia a maniche lunghe
shirt_337.png,camicia a maniche lunghe
shirt_34.png,camicia a maniche lunghe
shirt_345.png,camicia a maniche corte
shirt_35.png,camicia a maniche lunghe
shirt_358.png,camicia a maniche corte
shirt_360.png,camicia a maniche lunghe
shirt_361.png,camicia a maniche lunghe
shirt_363.png,camicia a maniche lunghe
shirt_365.png,camicia a maniche lunghe
shirt_379.png,camicia a maniche corte
shirt_38.png,camicia a maniche lunghe
shirt_382.png,camicia a maniche lunghe
shirt_383.png,camicia a maniche lunghe
shirt_401.png,camicia a maniche corte
shirt_41.png,camicia a maniche lunghe
shirt_42.png,camicia a maniche corte
shirt_426.png,camicia a maniche lunghe
shirt_429.png,camicia a maniche corte
shirt_43.png,camicia a maniche lunghe
shirt_441.png,camicia a maniche corte
shirt_444.png,camicia a maniche lunghe
shirt_449.png,camicia a maniche lunghe
shirt_451.png,camicia a maniche corte
shirt_456.png,camicia a maniche lunghe
shirt_457.png,camicia a maniche lunghe
shirt_458.png,camicia a maniche lunghe
shirt_461.png,camicia a maniche lunghe
shirt_465.png,camicia a maniche lunghe
shirt_466.png,camicia a maniche corte
shirt_473.png,camicia a maniche corte
shirt_480.png,camicia a maniche lunghe
shirt_483.png,camicia a maniche lunghe
shirt_494.png,camicia a maniche lunghe
shirt_512.png,camicia a maniche lunghe
shirt_516.png,camicia a maniche lunghe
shirt_520.png,camicia a maniche corte
shirt_530.png,camicia a maniche lunghe
shirt_534.png,camicia a maniche corte
shirt_537.png,camicia a maniche lunghe
shirt_539.png,camicia a maniche lunghe
shirt_543.png,camicia a maniche lunghe
shirt_546.png,camicia a maniche corte
shirt_552.png,camicia a maniche lunghe
shirt_558.png,camicia a maniche corte
shirt_584.png,camicia a maniche lunghe
shirt_591.png,camicia a maniche lunghe
shirt_60.png,camicia a maniche lunghe
shirt_605.png,camicia a maniche lunghe
shirt_611.png,camicia a maniche corte
shirt_615.png,camicia a maniche lunghe
shirt_619.png,camicia a maniche corte
shirt_62.png,camicia a maniche lunghe
shirt_63.png,camicia a maniche lunghe
shirt_631.png,camicia a maniche corte
shirt_632.png,camicia a maniche lunghe
shirt_633.png,camicia a maniche lunghe
shirt_634.png,camicia a maniche lunghe
shirt_64.png,camicia a maniche lunghe
shirt_650.png,camicia a maniche corte
shirt_66.png,camicia a maniche lunghe
shirt_663.png,camicia a maniche lunghe
shirt_666.png,camicia a maniche lunghe
shirt_667.png,camicia a maniche lunghe
shirt_674.png,camicia a maniche corte
shirt_678.png,camicia a maniche lunghe
shirt_695.png,camicia a maniche lunghe
shirt_7.png,camicia a maniche corte
shirt_721.png,camicia a maniche corte
shirt_728.png,camicia a maniche lunghe
shirt_734.png,camicia a maniche corte
shirt_74.png,camicia a maniche lunghe
shirt_741.png,camicia a maniche corte
shirt_757.png,camicia a maniche corte
shirt_764.png,camicia a maniche lunghe
shirt_779.png,camicia a maniche corte
shirt_780.png,camicia a maniche lunghe
shirt_798.png,camicia a maniche lunghe
shirt_800.png,camicia a maniche lunghe
shirt_813.png,camicia a maniche lunghe
shirt_827.png,camicia a maniche lunghe
shirt_834.png,camicia a maniche corte
shirt_836.png,camicia a maniche lunghe
shirt_843.png,camicia a maniche lunghe
shirt_852.png,camicia a maniche lunghe
shirt_859.png,camicia a maniche lunghe
shirt_864.png,camicia a maniche corte
shirt_870.png,camicia a maniche lunghe
shirt_878.png,camicia a maniche lunghe
shirt_88.png,camicia a maniche lunghe
shirt_881.png,camicia a maniche lunghe
shirt_884.png,camicia a maniche lunghe
shirt_889.png,camicia a maniche lunghe
shirt_89.png,camicia a maniche lunghe
shirt_890.png,camicia a maniche lunghe
shirt_912.png,camicia a maniche lunghe
shirt_913.png,camicia a maniche lunghe
shirt_922.png,camicia a maniche corte
shirt_924.png,camicia a maniche corte
shirt_93.png,camicia a maniche lunghe
shirt_939.png,camicia a maniche lunghe
shirt_944.png,camicia a maniche lunghe
shirt_952.png,camicia a maniche corte
shirt_97.png,camicia a maniche lunghe
shirt_974.png,camicia a maniche lunghe
shirt_985.png,camicia a maniche lunghe
shirt_989.png,camicia a maniche lunghe
dress_0.png,mini vestito
dress_100.png,mini vestito a maniche lunghe
dress_1001.png,vestito intero a maniche lunghe
dress_1002.png,vestito intero a bretelle
dress_1003.png,vestito intero
dress_1006.png,vestito intero
dress_1008.png,vestito intero
dress_1009.png,mini vestito
dress_101.png,mini vestito a maniche lunghe
dress_1011.png,vestito intero a maniche lunghe
dress_103.png,vestito intero
dress_105.png,mini vestito
dress_106.png,vestito intero a bretelle
dress_108.png,vestito intero a maniche lunghe
dress_109.png,mini vestito a maniche lunghe
dress_110.png,vestito intero a bretelle
dress_112.png,mini vestito
dress_115.png,mini vestito a maniche lunghe
dress_116.png,vestito intero a maniche lunghe
dress_117.png,vestito intero
dress_118.png,vestito intero
dress_119.png,mini vestito
dress_12.png,vestito intero
dress_122.png,vestito intero a maniche lunghe
dress_124.png,vestito intero a maniche lunghe
dress_1259.png,vestito intero a maniche lunghe
dress_126.png,vestito intero a maniche lunghe
dress_1260.png,vestito intero a maniche lunghe
dress_129.png,vestito intero
dress_1295.png,vestito da sera a maniche lunghe
dress_13.png,vestito intero a bretelle
dress_130.png,vestito intero a maniche lunghe
dress_131.png,mini vestito a maniche lunghe
dress_133.png,vestito intero a bretelle
dress_134.png,vestito intero a maniche lunghe
dress_135.png,vestito intero
dress_136.png,vestito intero a maniche lunghe
dress_1366.png,vestito intero a bretelle
dress_137.png,mini vestito a maniche lunghe
dress_139.png,vestito intero a maniche lunghe
dress_14.png,vestito intero a maniche lunghe
dress_143.png,mini vestito a maniche lunghe
dress_144.png,vestito intero
dress_1489.png,vestito da sera
dress_149.png,vestito intero
dress_150.png,vestito intero
dress_152.png,vestito da sera
dress_153.png,vestito intero
dress_155.png,mini vestito a maniche lunghe
dress_1561.png,vestito intero a bretelle
dress_157.png,vestito da sera
dress_158.png,vestito intero a maniche lunghe
dress_1582.png,mini vestito a maniche lunghe
dress_159.png,vestito intero a maniche lunghe
dress_161.png,mini vestito
dress_162.png,vestito intero a maniche lunghe
dress_164.png,vestito intero a maniche lunghe
dress_1662.png,vestito da sera
dress_167.png,vestito intero a bretelle
dress_170.png,vestito intero a maniche lunghe
dress_171.png,vestito da sera
dress_1714.png,vestito intero a maniche lunghe
dress_172.png,mini vestito a maniche lunghe
dress_173.png,vestito intero a maniche lunghe
dress_1737.png,vestito da sera
dress_174.png,vestito da sera a maniche lunghe
dress_1750.png,vestito intero a maniche lunghe
dress_1752.png,vestito da sera a maniche lunghe
dress_1762.png,vestito da sera
dress_1767.png,vestito da sera
dress_178.png,vestito intero
dress_1788.png,vestito intero
dress_179.png,vestito intero a maniche lunghe
dress_180.png,vestito intero a maniche lunghe
dress_182.png,vestito intero
dress_183.png,mini vestito
dress_1855.png,mini vestito a maniche lunghe
dress_187.png,vestito intero
dress_189.png,vestito intero
dress_19.png,mini vestito a maniche lunghe
dress_193.png,vestito da sera
dress_194.png,vestito intero a bretelle
dress_195.png,vestito da sera a maniche lunghe
dress_196.png,vestito intero a maniche lunghe
dress_197.png,vestito intero a maniche lunghe
dress_198.png,vestito da sera a maniche lunghe
dress_200.png,vestito intero
dress_201.png,vestito intero
dress_203.png,mini vestito a maniche lunghe
dress_2034.png,vestito intero a bretelle
dress_208.png,mini vestito a bretelle
dress_209.png,mini vestito
dress_21.png,vestito da sera
dress_210.png,mini vestito a maniche lunghe
dress_211.png,vestito intero
dress_213.png,vestito intero a maniche lunghe
dress_214.png,vestito intero a bretelle
dress_216.png,vestito intero
dress_217.png,vestito intero
dress_218.png,mini vestito a bretelle
dress_219.png,vestito intero a maniche lunghe
dress_22.png,vestito intero
dress_220.png,vestito intero a maniche lunghe
dress_222.png,mini vestito a maniche lunghe
dress_223.png,mini vestito a maniche lunghe
dress_224.png,vestito intero a bretelle
dress_225.png,mini vestito a maniche lunghe
dress_227.png,vestito intero
dress_228.png,vestito intero
dress_229.png,vestito intero
dress_231.png,vestito intero a bretelle
dress_233.png,vestito intero
dress_234.png,vestito da sera
dress_235.png,vestito intero
dress_236.png,vestito intero a maniche lunghe
dress_237.png,vestito intero
dress_238.png,vestito da sera
dress_239.png,mini vestito a maniche lunghe
dress_24.png,mini vestito
dress_240.png,vestito intero
dress_241.png,mini vestito a bretelle
dress_242.png,mini vestito a bretelle
dress_243.png,vestito intero a maniche lunghe
dress_247.png,vestito intero
dress_248.png,vestito intero a maniche lunghe
dress_249.png,vestito intero
dress_253.png,vestito intero
dress_254.png,vestito da sera a maniche lunghe
dress_256.png,mini vestito a maniche lunghe
dress_257.png,vestito intero a maniche lunghe
dress_259.png,vestito da sera a maniche lunghe
dress_26.png,mini vestito a maniche lunghe
dress_261.png,vestito intero a maniche lunghe
dress_262.png,vestito intero a bretelle
dress_263.png,vestito intero
dress_264.png,vestito intero
dress_272.png,vestito intero a maniche lunghe
dress_274.png,vestito intero a maniche lunghe
dress_275.png,vestito intero a bretelle
dress_277.png,mini vestito
dress_279.png,vestito intero
dress_281.png,vestito intero
dress_282.png,vestito intero a bretelle
dress_283.png,vestito intero
dress_284.png,mini vestito a maniche lunghe
dress_287.png,mini vestito a maniche lunghe
dress_29.png,vestito intero a maniche lunghe
dress_291.png,vestito intero a maniche lunghe
dress_292.png,vestito intero a maniche lunghe
dress_293.png,vestito intero
dress_294.png,vestito intero a bretelle
dress_295.png,vestito da sera
dress_298.png,vestito intero a bretelle
dress_299.png,mini vestito a maniche lunghe
dress_3.png,vestito intero a bretelle
dress_300.png,mini vestito a maniche lunghe
dress_301.png,vestito intero a bretelle
dress_302.png,vestito intero a bretelle
dress_303.png,vestito intero a maniche lunghe
dress_304.png,vestito intero a maniche lunghe
dress_307.png,vestito da sera
dress_308.png,mini vestito
dress_309.png,vestito da sera
dress_311.png,vestito intero a maniche lunghe
dress_313.png,mini vestito a bretelle
dress_315.png,vestito intero
dress_316.png,mini vestito a bretelle
dress_317.png,vestito da sera
dress_318.png,vestito intero a bretelle
dress_319.png,vestito intero
dress_32.png,mini vestito a bretelle
dress_321.png,vestito da sera
dress_322.png,vestito intero a maniche lunghe
dress_324.png,vestito intero a maniche lunghe
dress_325.png,vestito intero a maniche lunghe
dress_326.png,vestito intero a maniche lunghe
dress_328.png,vestito da sera a maniche lunghe
dress_329.png,vestito intero a maniche lunghe
dress_33.png,vestito intero a bretelle
dress_332.png,vestito intero a maniche lunghe
dress_334.png,vestito intero
dress_337.png,mini vestito
dress_338.png,mini vestito a maniche lunghe
dress_339.png,vestito intero a bretelle
dress_34.png,vestito intero a maniche lunghe
dress_340.png,vestito intero a bretelle
dress_345.png,mini vestito a bretelle
dress_346.png,vestito intero a maniche lunghe
dress_347.png,vestito intero a bretelle
dress_349.png,mini vestito a bretelle
dress_350.png,vestito intero a maniche lunghe
dress_351.png,vestito intero
dress_353.png,vestito intero
dress_354.png,vestito intero
dress_358.png,vestito da sera
dress_359.png,vestito intero
dress_36.png,vestito intero a bretelle
dress_360.png,vestito intero a maniche lunghe
dress_362.png,vestito intero a maniche lunghe
dress_363.png,vestito intero a maniche lunghe
dress_364.png,vestito intero a maniche lunghe
dress_365.png,mini vestito a maniche lunghe
dress_366.png,mini vestito a maniche lunghe
dress_367.png,mini vestito a maniche lunghe
dress_369.png,vestito intero a maniche lunghe
dress_375.png,vestito da sera
dress_377.png,vestito intero
dress_378.png,vestito intero
dress_38.png,vestito intero a maniche lunghe
dress_380.png,vestito intero a maniche lunghe
dress_381.png,vestito intero a maniche lunghe
dress_382.png,vestito intero
dress_383.png,vestito intero a maniche lunghe
dress_384.png,vestito intero
dress_386.png,vestito intero
dress_388.png,vestito intero a maniche lunghe
dress_389.png,vestito intero a maniche lunghe
dress_392.png,vestito intero
dress_393.png,vestito intero a maniche lunghe
dress_396.png,vestito intero a bretelle
dress_398.png,vestito da sera
dress_40.png,vestito intero a maniche lunghe
dress_400.png,mini vestito
dress_401.png,vestito intero a maniche lunghe
dress_404.png,vestito intero
dress_405.png,vestito intero
dress_406.png,vestito intero
dress_407.png,vestito intero
dress_41.png,vestito intero a maniche lunghe
dress_414.png,vestito intero a bretelle
dress_415.png,vestito intero
dress_417.png,vestito da sera
dress_418.png,vestito da sera
dress_42.png,vestito intero a bretelle
dress_420.png,vestito intero a maniche lunghe
dress_421.png,vestito intero a maniche lunghe
dress_423.png,vestito intero a maniche lunghe
dress_424.png,vestito intero
dress_426.png,mini vestito
dress_428.png,vestito intero
dress_429.png,vestito intero a maniche lunghe
dress_430.png,vestito intero
dress_431.png,vestito intero a maniche lunghe
dress_432.png,vestito intero a maniche lunghe
dress_435.png,mini vestito a bretelle
dress_437.png,vestito intero a maniche lunghe
dress_438.png,mini vestito a maniche lunghe
dress_439.png,mini vestito a maniche lunghe
dress_44.png,vestito intero
dress_441.png,vestito intero a maniche lunghe
dress_442.png,mini vestito
dress_446.png,vestito intero a maniche lunghe
dress_447.png,vestito intero a maniche lunghe
dress_448.png,vestito da sera
dress_449.png,vestito intero
dress_45.png,vestito intero a maniche lunghe
dress_451.png,mini vestito a maniche lunghe
dress_452.png,vestito da sera a maniche lunghe
dress_453.png,vestito intero a maniche lunghe
dress_454.png,vestito intero a maniche lunghe
dress_455.png,vestito intero
dress_456.png,mini vestito a maniche lunghe
dress_457.png,vestito intero a maniche lunghe
dress_458.png,vestito da sera
dress_459.png,vestito intero a maniche lunghe
dress_46.png,vestito intero a bretelle
dress_461.png,vestito da sera
dress_463.png,vestito intero a bretelle
dress_467.png,vestito intero
dress_468.png,mini vestito a maniche lunghe
dress_469.png,mini vestito a bretelle
dress_470.png,mini vestito a maniche lunghe
dress_471.png,mini vestito a bretelle
dress_472.png,mini vestito
dress_473.png,vestito intero a maniche lunghe
dress_474.png,vestito intero
dress_475.png,vestito da sera a maniche lunghe
dress_476.png,vestito intero
dress_477.png,mini vestito a maniche lunghe
dress_478.png,vestito intero
dress_481.png,mini vestito a maniche lunghe
dress_483.png,vestito intero
dress_485.png,mini vestito a bretelle
dress_488.png,vestito intero a maniche lunghe
dress_4882.png,mini vestito a bretelle
dress_489.png,vestito intero
dress_49.png,mini vestito a maniche lunghe
dress_490.png,vestito intero a maniche lunghe
dress_491.png,vestito da sera
dress_492.png,vestito intero a bretelle
dress_494.png,vestito intero a maniche lunghe
dress_495.png,mini vestito
dress_499.png,vestito intero
dress_5.png,mini vestito a maniche lunghe
dress_50.png,mini vestito a maniche lunghe
dress_500.png,vestito intero a bretelle
dress_501.png,mini vestito
dress_505.png,vestito da sera
dress_506.png,vestito intero a maniche lunghe
dress_507.png,vestito intero a maniche lunghe
dress_508.png,vestito intero
dress_509.png,vestito intero a bretelle
dress_51.png,vestito intero a maniche lunghe
dress_510.png,vestito intero a bretelle
dress_511.png,mini vestito a bretelle
dress_512.png,vestito intero a maniche lunghe
dress_513.png,mini vestito a bretelle
dress_515.png,mini vestito
dress_516.png,vestito intero a bretelle
dress_517.png,mini vestito a maniche lunghe
dress_519.png,vestito intero a bretelle
dress_52.png,mini vestito a maniche lunghe
dress_522.png,vestito intero a maniche lunghe
dress_5220.png,vestito da sera
dress_523.png,vestito intero a maniche lunghe
dress_524.png,vestito intero
dress_525.png,vestito intero a maniche lunghe
dress_526.png,mini vestito a bretelle
dress_527.png,vestito da sera
dress_528.png,vestito intero
dress_530.png,mini vestito a bretelle
dress_532.png,vestito intero a bretelle
dress_533.png,mini vestito a bretelle
dress_534.png,mini vestito
dress_536.png,mini vestito a maniche lunghe
dress_538.png,vestito intero
dress_54.png,vestito intero
dress_540.png,mini vestito a maniche lunghe
dress_5400.png,vestito da sera
dress_541.png,vestito intero
dress_5453.png,vestito intero a bretelle
dress_547.png,mini vestito a maniche lunghe
dress_55.png,vestito intero a maniche lunghe
dress_550.png,vestito intero a bretelle
dress_551.png,vestito intero a maniche lunghe
dress_5528.png,vestito intero a maniche lunghe
dress_5534.png,mini vestito
dress_555.png,vestito da sera
dress_556.png,mini vestito a bretelle
dress_557.png,vestito intero a maniche lunghe
dress_5571.png,mini vestito a bretelle
dress_559.png,vestito intero a maniche lunghe
dress_560.png,vestito intero
dress_561.png,vestito intero a maniche lunghe
dress_562.png,vestito intero a maniche lunghe
dress_563.png,vestito intero a maniche lunghe
dress_5638.png,mini vestito
dress_564.png,vestito intero a maniche lunghe
dress_565.png,vestito da sera a maniche lunghe
dress_567.png,vestito intero a bretelle
dress_568.png,vestito intero a maniche lunghe
dress_5683.png,mini vestito a bretelle
dress_569.png,vestito da sera
dress_5696.png,vestito intero a bretelle
dress_570.png,vestito intero a maniche lunghe
dress_571.png,vestito intero
dress_5713.png,mini vestito a bretelle
dress_573.png,vestito intero
dress_574.png,vestito intero
dress_5743.png,mini vestito a maniche lunghe
dress_575.png,mini vestito a maniche lunghe
dress_5759.png,vestito da sera
dress_576.png,vestito intero a maniche lunghe
dress_577.png,vestito da sera
dress_578.png,vestito da sera a maniche lunghe
dress_579.png,vestito intero
dress_582.png,mini vestito a bretelle
dress_5832.png,vestito intero a bretelle
dress_584.png,vestito intero
dress_5860.png,vestito intero a bretelle
dress_5863.png,mini vestito a bretelle
dress_587.png,vestito intero a maniche lunghe
dress_588.png,vestito intero a maniche lunghe
dress_589.png,mini vestito a maniche lunghe
dress_590.png,vestito intero
dress_591.png,mini vestito a bretelle
dress_5926.png,vestito intero a maniche lunghe
dress_594.png,vestito intero a maniche lunghe
dress_595.png,vestito intero a bretelle
dress_596.png,mini vestito a bretelle
dress_5964.png,mini vestito
dress_5974.png,vestito da sera
dress_5975.png,vestito intero a maniche lunghe
dress_5982.png,mini vestito
dress_5986.png,mini vestito
dress_599.png,vestito da sera
dress_5999.png,vestito intero a maniche lunghe
dress_6.png,vestito intero
dress_601.png,vestito intero
dress_602.png,vestito intero
dress_604.png,vestito intero a maniche lunghe
dress_605.png,vestito intero a maniche lunghe
dress_606.png,vestito intero a maniche lunghe
dress_609.png,vestito intero a bretelle
dress_61.png,vestito intero
dress_610.png,vestito intero a bretelle
dress_611.png,mini vestito a maniche lunghe
dress_612.png,mini vestito a maniche lunghe
dress_613.png,vestito intero
dress_614.png,vestito intero a bretelle
dress_615.png,vestito intero a maniche lunghe
dress_616.png,vestito intero a bretelle
dress_617.png,mini vestito a bretelle
dress_618.png,vestito intero a bretelle
dress_619.png,vestito intero a maniche lunghe
dress_620.png,vestito intero a maniche lunghe
dress_621.png,vestito intero
dress_624.png,vestito intero a maniche lunghe
dress_625.png,vestito intero a bretelle
dress_626.png,vestito intero a maniche lunghe
dress_63.png,vestito da sera
dress_632.png,vestito intero a maniche lunghe
dress_634.png,vestito intero
dress_635.png,vestito intero
dress_638.png,vestito intero
dress_64.png,mini vestito a maniche lunghe
dress_642.png,vestito intero
dress_645.png,mini vestito a maniche lunghe
dress_646.png,vestito da sera a maniche lunghe
dress_647.png,vestito da sera
dress_65.png,mini vestito a maniche lunghe
dress_653.png,vestito da sera
dress_654.png,vestito intero
dress_657.png,mini vestito
dress_658.png,vestito intero a bretelle
dress_659.png,vestito intero a maniche lunghe
dress_661.png,vestito da sera
dress_664.png,vestito intero
dress_667.png,vestito intero a maniche lunghe
dress_669.png,vestito intero a bretelle
dress_67.png,mini vestito a maniche lunghe
dress_670.png,mini vestito a maniche lunghe
dress_671.png,mini vestito a maniche lunghe
dress_672.png,mini vestito
dress_674.png,vestito da sera a maniche lunghe
dress_675.png,vestito intero a maniche lunghe
dress_677.png,vestito intero
dress_678.png,vestito intero
dress_679.png,vestito intero
dress_68.png,mini vestito a bretelle
dress_680.png,vestito intero a maniche lunghe
dress_685.png,vestito intero a maniche lunghe
dress_686.png,mini vestito a bretelle
dress_688.png,vestito intero a maniche lunghe
dress_689.png,mini vestito
dress_691.png,vestito intero a maniche lunghe
dress_692.png,vestito intero
dress_694.png,vestito intero
dress_695.png,mini vestito
dress_696.png,mini vestito a maniche lunghe
dress_697.png,vestito intero
dress_698.png,vestito intero
dress_7.png,vestito intero
dress_70.png,vestito intero
dress_701.png,vestito intero
dress_703.png,vestito intero a maniche lunghe
dress_704.png,vestito intero a maniche lunghe
dress_705.png,mini vestito a maniche lunghe
dress_706.png,vestito intero
dress_710.png,vestito da sera
dress_711.png,vestito intero
dress_714.png,vestito intero a bretelle
dress_716.png,vestito intero
dress_717.png,vestito intero a maniche lunghe
dress_718.png,vestito intero a maniche lunghe
dress_719.png,vestito da sera
dress_72.png,mini vestito a bretelle
dress_721.png,vestito intero a maniche lunghe
dress_724.png,mini vestito
dress_725.png,vestito intero a bretelle
dress_726.png,vestito intero
dress_729.png,vestito intero
dress_730.png,mini vestito a maniche lunghe
dress_731.png,mini vestito a bretelle
dress_732.png,vestito intero a bretelle
dress_733.png,vestito intero a maniche lunghe
dress_735.png,vestito intero a maniche lunghe
dress_736.png,vestito intero a maniche lunghe
dress_738.png,vestito intero a bretelle
dress_74.png,vestito intero
dress_740.png,vestito intero a maniche lunghe
dress_741.png,mini vestito
dress_742.png,vestito intero a maniche lunghe
dress_743.png,vestito intero
dress_745.png,mini vestito a bretelle
dress_747.png,vestito da sera
dress_748.png,vestito intero a bretelle
dress_750.png,vestito intero a maniche lunghe
dress_752.png,vestito intero a maniche lunghe
dress_753.png,mini vestito a maniche lunghe
dress_754.png,vestito da sera
dress_755.png,vestito intero a bretelle
dress_757.png,vestito intero a maniche lunghe
dress_758.png,vestito intero a maniche lunghe
dress_759.png,vestito da sera
dress_762.png,mini vestito
dress_763.png,vestito da sera
dress_765.png,vestito intero a bretelle
dress_767.png,vestito intero a maniche lunghe
dress_768.png,mini vestito
dress_769.png,vestito intero a bretelle
dress_77.png,vestito intero a bretelle
dress_771.png,vestito intero
dress_772.png,vestito intero
dress_773.png,mini vestito a maniche lunghe
dress_774.png,vestito intero a bretelle
dress_777.png,vestito intero a maniche lunghe
dress_778.png,vestito da sera
dress_78.png,vestito intero a bretelle
dress_780.png,vestito intero a maniche lunghe
dress_781.png,vestito intero a maniche lunghe
dress_786.png,vestito intero a maniche lunghe
dress_787.png,mini vestito a bretelle
dress_788.png,vestito intero
dress_789.png,vestito intero a maniche lunghe
dress_79.png,vestito intero a maniche lunghe
dress_790.png,mini vestito a maniche lunghe
dress_791.png,vestito intero
dress_793.png,mini vestito a maniche lunghe
dress_795.png,vestito intero a maniche lunghe
dress_796.png,vestito intero
dress_799.png,mini vestito a maniche lunghe
dress_80.png,mini vestito a bretelle
dress_800.png,vestito intero
dress_801.png,vestito da sera a maniche lunghe
dress_802.png,vestito intero a maniche lunghe
dress_803.png,vestito intero a bretelle
dress_804.png,vestito intero a maniche lunghe
dress_805.png,vestito intero a maniche lunghe
dress_806.png,mini vestito a maniche lunghe
dress_808.png,vestito intero a maniche lunghe
dress_810.png,vestito intero
dress_811.png,mini vestito a maniche lunghe
dress_812.png,vestito intero a maniche lunghe
dress_814.png,mini vestito a bretelle
dress_815.png,vestito intero
dress_816.png,mini vestito a bretelle
dress_817.png,mini vestito a bretelle
dress_818.png,vestito intero
dress_819.png,vestito intero a maniche lunghe
dress_82.png,vestito intero
dress_820.png,vestito intero a bretelle
dress_822.png,vestito intero
dress_823.png,vestito intero a maniche lunghe
dress_825.png,vestito intero
dress_83.png,vestito intero a maniche lunghe
dress_830.png,vestito intero a maniche lunghe
dress_831.png,vestito da sera a maniche lunghe
dress_832.png,vestito intero a maniche lunghe
dress_833.png,mini vestito a bretelle
dress_834.png,vestito intero
dress_835.png,vestito intero
dress_837.png,vestito intero a maniche lunghe
dress_838.png,vestito da sera a maniche lunghe
dress_839.png,mini vestito a maniche lunghe
dress_84.png,vestito intero a maniche lunghe
dress_841.png,vestito intero a maniche lunghe
dress_842.png,vestito intero a maniche lunghe
dress_844.png,vestito intero a maniche lunghe
dress_845.png,vestito intero a bretelle
dress_848.png,mini vestito a bretelle
dress_850.png,vestito intero
dress_851.png,vestito intero a maniche lunghe
dress_853.png,vestito intero a maniche lunghe
dress_854.png,vestito intero a bretelle
dress_858.png,vestito intero
dress_859.png,vestito intero a maniche lunghe
dress_86.png,mini vestito a maniche lunghe
dress_862.png,vestito intero a bretelle
dress_863.png,vestito intero
dress_864.png,vestito intero
dress_865.png,vestito intero a bretelle
dress_867.png,vestito intero
dress_868.png,mini vestito a maniche lunghe
dress_869.png,vestito intero a maniche lunghe
dress_87.png,vestito intero a maniche lunghe
dress_870.png,vestito da sera
dress_871.png,vestito intero a maniche lunghe
dress_874.png,mini vestito
dress_876.png,vestito intero
dress_877.png,vestito intero
dress_879.png,vestito intero a bretelle
dress_88.png,mini vestito a maniche lunghe
dress_880.png,mini vestito a maniche lunghe
dress_883.png,vestito intero a maniche lunghe
dress_884.png,vestito intero
dress_885.png,mini vestito a maniche lunghe
dress_886.png,vestito intero a bretelle
dress_887.png,vestito intero a bretelle
dress_889.png,vestito intero a maniche lunghe
dress_89.png,vestito intero a bretelle
dress_890.png,vestito intero
dress_891.png,vestito intero
dress_894.png,vestito intero a maniche lunghe
dress_896.png,vestito intero
dress_898.png,mini vestito
dress_899.png,vestito intero a bretelle
dress_90.png,mini vestito a maniche lunghe
dress_900.png,vestito intero
dress_903.png,vestito intero a maniche lunghe
dress_904.png,mini vestito
dress_905.png,vestito intero a maniche lunghe
dress_907.png,vestito da sera
dress_908.png,vestito intero a maniche lunghe
dress_911.png,vestito intero a maniche lunghe
dress_912.png,vestito intero a bretelle
dress_913.png,vestito intero a maniche lunghe
dress_914.png,mini vestito
dress_916.png,vestito intero a maniche lunghe
dress_917.png,mini vestito a maniche lunghe
dress_919.png,mini vestito a maniche lunghe
dress_92.png,vestito intero
dress_921.png,vestito intero a maniche lunghe
dress_922.png,vestito da sera
dress_925.png,vestito da sera
dress_926.png,mini vestito
dress_93.png,mini vestito a maniche lunghe
dress_931.png,vestito intero a bretelle
dress_933.png,mini vestito
dress_934.png,vestito intero a bretelle
dress_935.png,mini vestito a bretelle
dress_936.png,mini vestito
dress_937.png,vestito intero a maniche lunghe
dress_939.png,mini vestito a maniche lunghe
dress_940.png,vestito intero
dress_942.png,vestito da sera
dress_944.png,vestito intero
dress_945.png,vestito da sera
dress_946.png,mini vestito
dress_947.png,vestito intero
dress_948.png,vestito da sera a maniche lunghe
dress_949.png,mini vestito a maniche lunghe
dress_95.png,vestito intero a maniche lunghe
dress_950.png,vestito intero
dress_951.png,vestito intero
dress_952.png,vestito intero a maniche lunghe
dress_954.png,vestito intero a maniche lunghe
dress_956.png,vestito intero
dress_957.png,vestito intero a maniche lunghe
dress_962.png,vestito intero
dress_966.png,vestito intero a maniche lunghe
dress_970.png,vestito intero a maniche lunghe
dress_971.png,mini vestito a maniche lunghe
dress_972.png,mini vestito a bretelle
dress_975.png,vestito da sera
dress_976.png,vestito da sera
dress_978.png,vestito intero
dress_979.png,vestito intero a bretelle
dress_98.png,vestito intero a maniche lunghe
dress_984.png,vestito intero a maniche lunghe
dress_985.png,vestito intero a maniche lunghe
dress_986.png,vestito intero
dress_988.png,vestito intero a bretelle
dress_989.png,vestito intero a maniche lunghe
dress_99.png,mini vestito a maniche lunghe
dress_991.png,vestito intero a maniche lunghe
dress_993.png,vestito intero
dress_995.png,vestito intero a bretelle
dress_996.png,mini vestito a maniche lunghe
dress_998.png,mini vestito a maniche lunghe
dress_999.png,vestito intero
tshirt_0.png,maglietta a maniche corte
tshirt_10.png,maglietta a maniche corte
tshirt_100.png,maglietta a maniche corte
tshirt_1000.png,maglietta a maniche corte
tshirt_1001.png,maglietta a maniche corte
tshirt_1002.png,tank top
tshirt_1003.png,tank top
tshirt_1004.png,maglietta a maniche corte
tshirt_1005.png,maglietta a maniche corte
tshirt_1006.png,maglietta a maniche corte
tshirt_1007.png,maglietta a maniche corte
tshirt_1008.png,maglietta a maniche corte
tshirt_1009.png,maglietta a maniche corte
tshirt_101.png,maglietta a maniche corte
tshirt_1010.png,maglietta a maniche corte
tshirt_1011.png,maglietta a maniche corte
tshirt_1012.png,maglietta a maniche corte
tshirt_1013.png,maglietta a maniche corte
tshirt_1014.png,tank top
tshirt_1015.png,maglietta a maniche corte
tshirt_1016.png,maglietta a maniche corte
tshirt_1017.png,tank top
tshirt_1018.png,maglietta a maniche corte
tshirt_1019.png,maglietta a maniche corte
tshirt_1021.png,maglietta a maniche corte
tshirt_1022.png,maglietta a maniche corte
tshirt_1023.png,maglietta a maniche corte
tshirt_1024.png,maglietta a maniche corte
tshirt_1025.png,tank top
tshirt_1026.png,maglietta a maniche corte
tshirt_1027.png,maglietta a maniche corte
tshirt_1028.png,maglietta a maniche corte
tshirt_1029.png,maglietta a maniche corte
tshirt_103.png,maglietta a maniche corte
tshirt_1031.png,maglietta a maniche corte
tshirt_1032.png,maglietta a maniche lunghe
tshirt_1033.png,maglietta a maniche corte
tshirt_1034.png,maglietta a maniche corte
tshirt_1036.png,maglietta a maniche corte
tshirt_1039.png,maglietta a maniche corte
tshirt_104.png,top
tshirt_1041.png,maglietta a maniche corte
tshirt_1042.png,maglietta a maniche corte
tshirt_1043.png,maglietta a maniche corte
tshirt_1044.png,maglietta a maniche corte
tshirt_1045.png,maglietta a maniche corte
tshirt_1046.png,maglietta a maniche corte
tshirt_1047.png,maglietta a maniche corte
tshirt_1048.png,maglietta a maniche corte
tshirt_1049.png,tank top
tshirt_105.png,maglietta a maniche corte
tshirt_1050.png,maglietta a maniche corte
tshirt_1052.png,maglietta a maniche corte
tshirt_1053.png,maglietta a maniche corte
tshirt_1054.png,maglietta a maniche corte
tshirt_1055.png,maglietta a maniche lunghe
tshirt_1056.png,maglietta a maniche corte
tshirt_1057.png,maglietta a maniche corte
tshirt_1059.png,maglietta a maniche corte
tshirt_106.png,maglietta a maniche corte
tshirt_1060.png,maglietta a maniche corte
tshirt_1061.png,maglietta a maniche lunghe
tshirt_1062.png,maglietta a maniche lunghe
tshirt_1064.png,maglietta a maniche corte
tshirt_1066.png,maglietta a maniche corte
tshirt_1067.png,maglietta a maniche corte
tshirt_1068.png,maglietta a maniche corte
tshirt_1069.png,maglietta a maniche corte
tshirt_107.png,tank top
tshirt_1070.png,maglietta a maniche corte
tshirt_1071.png,maglietta a maniche corte
tshirt_1073.png,maglietta a maniche corte
tshirt_1074.png,tank top
tshirt_1075.png,maglietta a maniche corte
tshirt_1076.png,maglietta a maniche corte
tshirt_1078.png,maglietta a maniche corte
tshirt_1079.png,maglietta a maniche corte
tshirt_108.png,maglietta a maniche lunghe
tshirt_1080.png,tank top
tshirt_1081.png,maglietta a maniche corte
tshirt_1082.png,maglietta a maniche corte
tshirt_1083.png,maglietta a maniche corte
tshirt_1084.png,maglietta a maniche corte
tshirt_11.png,tank top
tshirt_110.png,maglietta a maniche corte
tshirt_111.png,maglietta a maniche corte
tshirt_112.png,tank top
tshirt_113.png,maglietta a maniche corte
tshirt_114.png,maglietta a maniche corte
tshirt_115.png,maglietta a maniche corte
tshirt_116.png,maglietta a maniche corte
tshirt_117.png,tank top
tshirt_118.png,maglietta a maniche lunghe
tshirt_119.png,maglietta a maniche corte
tshirt_12.png,tank top
tshirt_120.png,maglietta a maniche corte
tshirt_121.png,maglietta a maniche corte
tshirt_122.png,tank top
tshirt_124.png,maglietta a maniche corte
tshirt_125.png,maglietta a maniche corte
tshirt_127.png,maglietta a maniche corte
tshirt_128.png,maglietta a maniche corte
tshirt_129.png,maglietta a maniche lunghe
tshirt_13.png,maglietta a maniche corte
tshirt_130.png,maglietta a maniche corte
tshirt_134.png,maglietta a maniche corte
tshirt_135.png,maglietta a maniche corte
tshirt_136.png,maglietta a maniche corte
tshirt_137.png,maglietta a maniche corte
tshirt_138.png,maglietta a maniche corte
tshirt_139.png,tank top
tshirt_14.png,maglietta a maniche corte
tshirt_140.png,maglietta a maniche corte
tshirt_141.png,maglietta a maniche corte
tshirt_142.png,maglietta a maniche corte
tshirt_144.png,body
tshirt_145.png,maglietta a maniche corte
tshirt_146.png,maglietta a maniche corte
tshirt_147.png,maglietta a maniche corte
tshirt_148.png,maglietta a maniche corte
tshirt_149.png,maglietta a maniche corte
tshirt_15.png,tank top
tshirt_150.png,maglietta a maniche corte
tshirt_151.png,maglietta a maniche corte
tshirt_152.png,maglietta a maniche corte
tshirt_153.png,tank top
tshirt_154.png,maglietta a maniche corte
tshirt_155.png,tank top
tshirt_156.png,maglietta a maniche corte
tshirt_157.png,maglietta a maniche corte
tshirt_1572.png,body
tshirt_158.png,maglietta a maniche corte
tshirt_159.png,maglietta a maniche corte
tshirt_16.png,maglietta a maniche lunghe
tshirt_160.png,maglietta a maniche corte
tshirt_161.png,top
tshirt_162.png,maglietta a maniche corte
tshirt_163.png,body
tshirt_165.png,tank top
tshirt_166.png,maglietta a maniche corte
tshirt_167.png,tank top
tshirt_169.png,maglietta a maniche corte
tshirt_17.png,maglietta a maniche corte
tshirt_170.png,maglietta a maniche corte
tshirt_172.png,maglietta a maniche corte
tshirt_173.png,maglietta a maniche corte
tshirt_175.png,maglietta a maniche corte
tshirt_176.png,maglietta a maniche corte
tshirt_177.png,maglietta a maniche corte
tshirt_178.png,maglietta a maniche corte
tshirt_179.png,maglietta a maniche corte
tshirt_18.png,maglietta a maniche corte
tshirt_181.png,maglietta a maniche corte
tshirt_182.png,maglietta a maniche corte
tshirt_183.png,maglietta a maniche lunghe
tshirt_184.png,body
tshirt_185.png,maglietta a maniche corte
tshirt_186.png,maglietta a maniche corte
tshirt_187.png,maglietta a maniche corte
tshirt_188.png,maglietta a maniche corte
tshirt_1889.png,body
tshirt_189.png,maglietta a maniche corte
tshirt_19.png,maglietta a maniche corte
tshirt_190.png,maglietta a maniche corte
tshirt_191.png,maglietta a maniche corte
tshirt_193.png,maglietta a maniche corte
tshirt_194.png,maglietta a maniche corte
tshirt_195.png,maglietta a maniche corte
tshirt_196.png,tank top
tshirt_197.png,tank top
tshirt_198.png,maglietta a maniche corte
tshirt_199.png,maglietta a maniche corte
tshirt_20.png,top
tshirt_201.png,tank top
tshirt_204.png,maglietta a maniche corte
tshirt_205.png,maglietta a maniche corte
tshirt_206.png,maglietta a maniche corte
tshirt_207.png,maglietta a maniche corte
tshirt_208.png,body
tshirt_209.png,maglietta a maniche corte
tshirt_21.png,tank top
tshirt_212.png,tank top
tshirt_213.png,maglietta a maniche corte
tshirt_214.png,maglietta a maniche corte
tshirt_216.png,maglietta a maniche corte
tshirt_217.png,maglietta a maniche corte
tshirt_218.png,maglietta a maniche corte
tshirt_219.png,tank top
tshirt_22.png,maglietta a maniche corte
tshirt_221.png,maglietta a maniche corte
tshirt_222.png,maglietta a maniche corte
tshirt_2223.png,top
tshirt_223.png,maglietta a maniche corte
tshirt_224.png,tank top
tshirt_225.png,maglietta a maniche corte
tshirt_226.png,maglietta a maniche corte
tshirt_227.png,maglietta a maniche corte
tshirt_228.png,tank top
tshirt_229.png,maglietta a maniche corte
tshirt_23.png,maglietta a maniche corte
tshirt_230.png,maglietta a maniche corte
tshirt_231.png,maglietta a maniche corte
tshirt_232.png,top
tshirt_233.png,maglietta a maniche corte
tshirt_234.png,maglietta a maniche corte
tshirt_235.png,maglietta a maniche corte
tshirt_236.png,maglietta a maniche corte
tshirt_237.png,maglietta a maniche corte
tshirt_238.png,maglietta a maniche corte
tshirt_239.png,maglietta a maniche lunghe
tshirt_24.png,maglietta a maniche corte
tshirt_240.png,maglietta a maniche corte
tshirt_241.png,maglietta a maniche corte
tshirt_242.png,maglietta a maniche corte
tshirt_243.png,maglietta a maniche corte
tshirt_244.png,maglietta a maniche corte
tshirt_246.png,maglietta a maniche corte
tshirt_247.png,maglietta a maniche corte
tshirt_248.png,maglietta a maniche corte
tshirt_249.png,maglietta a maniche corte
tshirt_25.png,maglietta a maniche corte
tshirt_250.png,maglietta a maniche corte
tshirt_251.png,maglietta a maniche corte
tshirt_252.png,maglietta a maniche corte
tshirt_254.png,maglietta a maniche corte
tshirt_255.png,maglietta a maniche corte
tshirt_256.png,maglietta a maniche corte
tshirt_257.png,maglietta a maniche corte
tshirt_258.png,maglietta a maniche corte
tshirt_259.png,maglietta a maniche corte
tshirt_26.png,maglietta a maniche corte
tshirt_260.png,maglietta a maniche corte
tshirt_261.png,maglietta a maniche corte
tshirt_262.png,maglietta a maniche corte
tshirt_263.png,maglietta a maniche corte
tshirt_264.png,maglietta a maniche corte
tshirt_265.png,maglietta a maniche corte
tshirt_266.png,maglietta a maniche corte
tshirt_267.png,maglietta a maniche corte
tshirt_268.png,tank top
tshirt_2688.png,tank top
tshirt_269.png,maglietta a maniche corte
tshirt_27.png,tank top
tshirt_270.png,maglietta a maniche corte
tshirt_271.png,maglietta a maniche corte
tshirt_272.png,maglietta a maniche corte
tshirt_273.png,maglietta a maniche corte
tshirt_274.png,maglietta a maniche corte
tshirt_276.png,maglietta a maniche corte
tshirt_277.png,tank top
tshirt_278.png,maglietta a maniche corte
tshirt_279.png,maglietta a maniche corte
tshirt_28.png,maglietta a maniche corte
tshirt_280.png,body
tshirt_281.png,maglietta a maniche corte
tshirt_282.png,maglietta a maniche lunghe
tshirt_283.png,maglietta a maniche corte
tshirt_284.png,maglietta a maniche corte
tshirt_285.png,maglietta a maniche corte
tshirt_286.png,tank top
tshirt_2875.png,tank top
tshirt_289.png,maglietta a maniche corte
tshirt_29.png,maglietta a maniche corte
tshirt_290.png,top
tshirt_291.png,maglietta a maniche corte
tshirt_292.png,maglietta a maniche corte
tshirt_293.png,maglietta a maniche corte
tshirt_295.png,maglietta a maniche corte
tshirt_298.png,maglietta a maniche corte
tshirt_299.png,maglietta a maniche lunghe
tshirt_3.png,maglietta a maniche corte
tshirt_30.png,maglietta a maniche lunghe
tshirt_300.png,top
tshirt_301.png,maglietta a maniche corte
tshirt_302.png,tank top
tshirt_303.png,maglietta a maniche corte
tshirt_304.png,maglietta a maniche corte
tshirt_305.png,maglietta a maniche corte
tshirt_306.png,maglietta a maniche corte
tshirt_307.png,tank top
tshirt_308.png,maglietta a maniche corte
tshirt_309.png,maglietta a maniche corte
tshirt_31.png,maglietta a maniche corte
tshirt_310.png,maglietta a maniche corte
tshirt_311.png,maglietta a maniche corte
tshirt_312.png,maglietta a maniche corte
tshirt_313.png,body
tshirt_314.png,tank top
tshirt_316.png,maglietta a maniche corte
tshirt_317.png,maglietta a maniche corte
tshirt_318.png,tank top
tshirt_32.png,maglietta a maniche corte
tshirt_320.png,maglietta a maniche corte
tshirt_321.png,maglietta a maniche corte
tshirt_322.png,maglietta a maniche corte
tshirt_323.png,maglietta a maniche corte
tshirt_324.png,maglietta a maniche corte
tshirt_3246.png,maglietta a maniche corte
tshirt_325.png,maglietta a maniche lunghe
tshirt_3255.png,top
tshirt_328.png,maglietta a maniche corte
tshirt_329.png,maglietta a maniche corte
tshirt_33.png,maglietta a maniche corte
tshirt_330.png,maglietta a maniche corte
tshirt_331.png,maglietta a maniche lunghe
tshirt_332.png,maglietta a maniche corte
tshirt_333.png,maglietta a maniche corte
tshirt_334.png,maglietta a maniche corte
tshirt_335.png,maglietta a maniche corte
tshirt_336.png,maglietta a maniche corte
tshirt_337.png,maglietta a maniche corte
tshirt_34.png,maglietta a maniche corte
tshirt_340.png,maglietta a maniche corte
tshirt_3404.png,body
tshirt_341.png,maglietta a maniche corte
tshirt_342.png,maglietta a maniche corte
tshirt_343.png,maglietta a maniche corte
tshirt_344.png,maglietta a maniche corte
tshirt_346.png,maglietta a maniche corte
tshirt_347.png,maglietta a maniche corte
tshirt_348.png,maglietta a maniche corte
tshirt_349.png,maglietta a maniche corte
tshirt_351.png,maglietta a maniche corte
tshirt_352.png,maglietta a maniche corte
tshirt_354.png,maglietta a maniche corte
tshirt_356.png,maglietta a maniche corte
tshirt_357.png,maglietta a maniche corte
tshirt_358.png,maglietta a maniche corte
tshirt_359.png,maglietta a maniche corte
tshirt_36.png,maglietta a maniche corte
tshirt_360.png,maglietta a maniche corte
tshirt_361.png,tank top
tshirt_363.png,maglietta a maniche corte
tshirt_364.png,maglietta a maniche corte
tshirt_365.png,maglietta a maniche corte
tshirt_366.png,maglietta a maniche corte
tshirt_368.png,maglietta a maniche corte
tshirt_369.png,maglietta a maniche corte
tshirt_37.png,maglietta a maniche corte
tshirt_370.png,maglietta a maniche corte
tshirt_371.png,maglietta a maniche corte
tshirt_372.png,maglietta a maniche corte
tshirt_373.png,maglietta a maniche corte
tshirt_375.png,maglietta a maniche corte
tshirt_376.png,tank top
tshirt_377.png,maglietta a maniche corte
tshirt_378.png,maglietta a maniche corte
tshirt_379.png,maglietta a maniche corte
tshirt_38.png,maglietta a maniche corte
tshirt_380.png,maglietta a maniche corte
tshirt_381.png,maglietta a maniche corte
tshirt_382.png,maglietta a maniche corte
tshirt_383.png,maglietta a maniche corte
tshirt_384.png,maglietta a maniche corte
tshirt_387.png,maglietta a maniche corte
tshirt_388.png,maglietta a maniche lunghe
tshirt_389.png,maglietta a maniche corte
tshirt_390.png,maglietta a maniche corte
tshirt_391.png,maglietta a maniche corte
tshirt_392.png,maglietta a maniche corte
tshirt_393.png,tank top
tshirt_394.png,maglietta a maniche corte
tshirt_396.png,maglietta a maniche corte
tshirt_398.png,maglietta a maniche corte
tshirt_399.png,maglietta a maniche corte
tshirt_4.png,maglietta a maniche corte
tshirt_400.png,maglietta a maniche corte
tshirt_401.png,maglietta a maniche corte
tshirt_402.png,maglietta a maniche corte
tshirt_403.png,maglietta a maniche corte
tshirt_404.png,maglietta a maniche corte
tshirt_405.png,maglietta a maniche lunghe
tshirt_406.png,maglietta a maniche corte
tshirt_407.png,maglietta a maniche corte
tshirt_4077.png,tank top
tshirt_408.png,tank top
tshirt_41.png,tank top
tshirt_410.png,maglietta a maniche corte
tshirt_411.png,maglietta a maniche corte
tshirt_412.png,maglietta a maniche lunghe
tshirt_413.png,maglietta a maniche corte
tshirt_414.png,maglietta a maniche corte
tshirt_415.png,maglietta a maniche corte
tshirt_416.png,maglietta a maniche corte
tshirt_417.png,maglietta a maniche corte
tshirt_418.png,maglietta a maniche corte
tshirt_419.png,maglietta a maniche corte
tshirt_42.png,tank top
tshirt_420.png,maglietta a maniche corte
tshirt_421.png,maglietta a maniche lunghe
tshirt_422.png,maglietta a maniche corte
tshirt_423.png,maglietta a maniche lunghe
tshirt_424.png,tank top
tshirt_425.png,maglietta a maniche corte
tshirt_426.png,maglietta a maniche corte
tshirt_427.png,maglietta a maniche corte
tshirt_4271.png,body
tshirt_429.png,maglietta a maniche lunghe
tshirt_43.png,maglietta a maniche corte
tshirt_430.png,tank top
tshirt_431.png,maglietta a maniche corte
tshirt_432.png,maglietta a maniche corte
tshirt_433.png,maglietta a maniche corte
tshirt_434.png,maglietta a maniche corte
tshirt_435.png,maglietta a maniche corte
tshirt_436.png,maglietta a maniche corte
tshirt_437.png,maglietta a maniche corte
tshirt_439.png,maglietta a maniche corte
tshirt_44.png,maglietta a maniche corte
tshirt_441.png,maglietta a maniche corte
tshirt_442.png,maglietta a maniche corte
tshirt_445.png,maglietta a maniche corte
tshirt_447.png,maglietta a maniche corte
tshirt_448.png,maglietta a maniche corte
tshirt_449.png,tank top
tshirt_45.png,maglietta a maniche corte
tshirt_454.png,maglietta a maniche corte
tshirt_455.png,maglietta a maniche corte
tshirt_456.png,maglietta a maniche corte
tshirt_457.png,maglietta a maniche corte
tshirt_458.png,maglietta a maniche lunghe
tshirt_459.png,maglietta a maniche corte
tshirt_46.png,maglietta a maniche corte
tshirt_461.png,maglietta a maniche corte
tshirt_462.png,maglietta a maniche corte
tshirt_464.png,tank top
tshirt_465.png,maglietta a maniche corte
tshirt_467.png,maglietta a maniche lunghe
tshirt_468.png,tank top
tshirt_47.png,maglietta a maniche corte
tshirt_470.png,tank top
tshirt_472.png,maglietta a maniche corte
tshirt_474.png,maglietta a maniche corte
tshirt_475.png,maglietta a maniche corte
tshirt_476.png,maglietta a maniche corte
tshirt_477.png,maglietta a maniche corte
tshirt_478.png,maglietta a maniche corte
tshirt_479.png,maglietta a maniche corte
tshirt_48.png,tank top
tshirt_487.png,maglietta a maniche corte
tshirt_488.png,tank top
tshirt_489.png,maglietta a maniche corte
tshirt_49.png,maglietta a maniche corte
tshirt_490.png,maglietta a maniche corte
tshirt_492.png,maglietta a maniche corte
tshirt_493.png,maglietta a maniche corte
tshirt_494.png,maglietta a maniche corte
tshirt_496.png,top
tshirt_497.png,maglietta a maniche corte
tshirt_498.png,maglietta a maniche corte
tshirt_499.png,maglietta a maniche corte
tshirt_5.png,maglietta a maniche lunghe
tshirt_50.png,maglietta a maniche corte
tshirt_500.png,tank top
tshirt_501.png,maglietta a maniche corte
tshirt_502.png,maglietta a maniche corte
tshirt_503.png,maglietta a maniche corte
tshirt_505.png,tank top
tshirt_506.png,maglietta a maniche corte
tshirt_507.png,maglietta a maniche corte
tshirt_508.png,maglietta a maniche corte
tshirt_509.png,maglietta a maniche corte
tshirt_51.png,maglietta a maniche corte
tshirt_510.png,maglietta a maniche corte
tshirt_511.png,maglietta a maniche corte
tshirt_512.png,maglietta a maniche corte
tshirt_513.png,maglietta a maniche corte
tshirt_515.png,maglietta a maniche corte
tshirt_516.png,maglietta a maniche corte
tshirt_517.png,maglietta a maniche lunghe
tshirt_518.png,maglietta a maniche corte
tshirt_519.png,maglietta a maniche corte
tshirt_520.png,maglietta a maniche corte
tshirt_521.png,maglietta a maniche corte
tshirt_522.png,maglietta a maniche corte
tshirt_523.png,maglietta a maniche corte
tshirt_524.png,maglietta a maniche corte
tshirt_525.png,tank top
tshirt_526.png,maglietta a maniche corte
tshirt_527.png,maglietta a maniche corte
tshirt_528.png,maglietta a maniche lunghe
tshirt_529.png,maglietta a maniche corte
tshirt_53.png,maglietta a maniche corte
tshirt_530.png,maglietta a maniche corte
tshirt_531.png,maglietta a maniche corte
tshirt_532.png,maglietta a maniche corte
tshirt_533.png,maglietta a maniche corte
tshirt_534.png,maglietta a maniche corte
tshirt_535.png,maglietta a maniche corte
tshirt_536.png,tank top
tshirt_537.png,maglietta a maniche corte
tshirt_538.png,maglietta a maniche corte
tshirt_54.png,maglietta a maniche corte
tshirt_540.png,maglietta a maniche corte
tshirt_541.png,maglietta a maniche corte
tshirt_542.png,maglietta a maniche corte
tshirt_543.png,maglietta a maniche corte
tshirt_544.png,tank top
tshirt_545.png,maglietta a maniche corte
tshirt_546.png,tank top
tshirt_547.png,maglietta a maniche corte
tshirt_548.png,tank top
tshirt_549.png,maglietta a maniche corte
tshirt_55.png,maglietta a maniche corte
tshirt_550.png,maglietta a maniche corte
tshirt_552.png,maglietta a maniche corte
tshirt_553.png,maglietta a maniche corte
tshirt_554.png,maglietta a maniche corte
tshirt_555.png,maglietta a maniche corte
tshirt_556.png,maglietta a maniche corte
tshirt_557.png,tank top
tshirt_558.png,maglietta a maniche corte
tshirt_559.png,maglietta a maniche corte
tshirt_56.png,maglietta a maniche corte
tshirt_560.png,tank top
tshirt_561.png,maglietta a maniche corte
tshirt_562.png,maglietta a maniche corte
tshirt_563.png,maglietta a maniche corte
tshirt_564.png,maglietta a maniche corte
tshirt_565.png,maglietta a maniche corte
tshirt_566.png,maglietta a maniche corte
tshirt_567.png,maglietta a maniche corte
tshirt_569.png,maglietta a maniche corte
tshirt_57.png,maglietta a maniche corte
tshirt_571.png,maglietta a maniche corte
tshirt_573.png,maglietta a maniche corte
tshirt_574.png,maglietta a maniche corte
tshirt_575.png,tank top
tshirt_576.png,maglietta a maniche corte
tshirt_577.png,maglietta a maniche lunghe
tshirt_578.png,maglietta a maniche corte
tshirt_579.png,maglietta a maniche corte
tshirt_58.png,maglietta a maniche corte
tshirt_580.png,maglietta a maniche corte
tshirt_581.png,tank top
tshirt_582.png,maglietta a maniche corte
tshirt_583.png,maglietta a maniche corte
tshirt_584.png,maglietta a maniche corte
tshirt_585.png,maglietta a maniche corte
tshirt_586.png,maglietta a maniche corte
tshirt_587.png,maglietta a maniche lunghe
tshirt_588.png,maglietta a maniche corte
tshirt_589.png,maglietta a maniche corte
tshirt_59.png,maglietta a maniche corte
tshirt_590.png,maglietta a maniche corte
tshirt_591.png,maglietta a maniche corte
tshirt_592.png,maglietta a maniche corte
tshirt_593.png,maglietta a maniche corte
tshirt_594.png,maglietta a maniche corte
tshirt_596.png,maglietta a maniche corte
tshirt_597.png,maglietta a maniche corte
tshirt_598.png,maglietta a maniche corte
tshirt_599.png,maglietta a maniche corte
tshirt_6.png,maglietta a maniche corte
tshirt_60.png,tank top
tshirt_600.png,maglietta a maniche corte
tshirt_601.png,maglietta a maniche corte
tshirt_602.png,maglietta a maniche corte
tshirt_603.png,tank top
tshirt_604.png,maglietta a maniche corte
tshirt_605.png,maglietta a maniche corte
tshirt_606.png,maglietta a maniche corte
tshirt_607.png,maglietta a maniche corte
tshirt_608.png,tank top
tshirt_609.png,maglietta a maniche corte
tshirt_61.png,maglietta a maniche corte
tshirt_610.png,maglietta a maniche corte
tshirt_611.png,maglietta a maniche corte
tshirt_612.png,maglietta a maniche corte
tshirt_613.png,maglietta a maniche corte
tshirt_614.png,maglietta a maniche corte
tshirt_615.png,maglietta a maniche corte
tshirt_616.png,maglietta a maniche corte
tshirt_617.png,maglietta a maniche corte
tshirt_618.png,maglietta a maniche corte
tshirt_619.png,maglietta a maniche corte
tshirt_62.png,maglietta a maniche corte
tshirt_620.png,maglietta a maniche corte
tshirt_621.png,maglietta a maniche lunghe
tshirt_623.png,maglietta a maniche corte
tshirt_624.png,maglietta a maniche corte
tshirt_625.png,maglietta a maniche corte
tshirt_626.png,maglietta a maniche corte
tshirt_627.png,maglietta a maniche lunghe
tshirt_628.png,maglietta a maniche corte
tshirt_629.png,maglietta a maniche lunghe
tshirt_63.png,tank top
tshirt_630.png,maglietta a maniche corte
tshirt_631.png,maglietta a maniche corte
tshirt_632.png,maglietta a maniche corte
tshirt_633.png,maglietta a maniche corte
tshirt_634.png,tank top
tshirt_638.png,maglietta a maniche corte
tshirt_639.png,maglietta a maniche corte
tshirt_64.png,tank top
tshirt_640.png,maglietta a maniche corte
tshirt_641.png,maglietta a maniche corte
tshirt_642.png,maglietta a maniche corte
tshirt_643.png,maglietta a maniche corte
tshirt_644.png,maglietta a maniche corte
tshirt_646.png,body
tshirt_647.png,maglietta a maniche corte
tshirt_649.png,maglietta a maniche corte
tshirt_65.png,maglietta a maniche corte
tshirt_651.png,maglietta a maniche corte
tshirt_652.png,tank top
tshirt_653.png,maglietta a maniche corte
tshirt_654.png,maglietta a maniche corte
tshirt_655.png,maglietta a maniche corte
tshirt_656.png,maglietta a maniche corte
tshirt_66.png,maglietta a maniche corte
tshirt_660.png,maglietta a maniche corte
tshirt_663.png,maglietta a maniche corte
tshirt_664.png,maglietta a maniche corte
tshirt_665.png,maglietta a maniche corte
tshirt_666.png,maglietta a maniche corte
tshirt_667.png,maglietta a maniche corte
tshirt_668.png,maglietta a maniche corte
tshirt_669.png,maglietta a maniche corte
tshirt_67.png,maglietta a maniche corte
tshirt_670.png,maglietta a maniche corte
tshirt_671.png,maglietta a maniche lunghe
tshirt_672.png,maglietta a maniche corte
tshirt_674.png,maglietta a maniche corte
tshirt_675.png,maglietta a maniche corte
tshirt_676.png,maglietta a maniche corte
tshirt_679.png,maglietta a maniche corte
tshirt_68.png,maglietta a maniche corte
tshirt_680.png,maglietta a maniche corte
tshirt_681.png,maglietta a maniche corte
tshirt_682.png,maglietta a maniche corte
tshirt_683.png,maglietta a maniche corte
tshirt_684.png,maglietta a maniche corte
tshirt_685.png,maglietta a maniche corte
tshirt_686.png,tank top
tshirt_687.png,maglietta a maniche corte
tshirt_688.png,maglietta a maniche corte
tshirt_689.png,maglietta a maniche corte
tshirt_690.png,maglietta a maniche corte
tshirt_693.png,maglietta a maniche lunghe
tshirt_694.png,maglietta a maniche corte
tshirt_695.png,maglietta a maniche corte
tshirt_696.png,maglietta a maniche corte
tshirt_697.png,tank top
tshirt_698.png,maglietta a maniche corte
tshirt_699.png,maglietta a maniche corte
tshirt_7.png,maglietta a maniche corte
tshirt_700.png,maglietta a maniche corte
tshirt_701.png,maglietta a maniche lunghe
tshirt_702.png,top
tshirt_703.png,maglietta a maniche corte
tshirt_704.png,maglietta a maniche corte
tshirt_705.png,maglietta a maniche corte
tshirt_706.png,maglietta a maniche corte
tshirt_707.png,maglietta a maniche corte
tshirt_708.png,maglietta a maniche corte
tshirt_709.png,maglietta a maniche corte
tshirt_71.png,maglietta a maniche corte
tshirt_710.png,maglietta a maniche corte
tshirt_711.png,maglietta a maniche corte
tshirt_712.png,maglietta a maniche corte
tshirt_713.png,maglietta a maniche corte
tshirt_714.png,maglietta a maniche corte
tshirt_715.png,maglietta a maniche corte
tshirt_716.png,tank top
tshirt_718.png,top
tshirt_719.png,maglietta a maniche corte
tshirt_72.png,maglietta a maniche corte
tshirt_720.png,maglietta a maniche corte
tshirt_721.png,maglietta a maniche corte
tshirt_722.png,maglietta a maniche corte
tshirt_723.png,maglietta a maniche lunghe
tshirt_724.png,maglietta a maniche corte
tshirt_725.png,tank top
tshirt_726.png,top
tshirt_729.png,maglietta a maniche corte
tshirt_73.png,maglietta a maniche corte
tshirt_730.png,maglietta a maniche corte
tshirt_731.png,maglietta a maniche corte
tshirt_733.png,tank top
tshirt_734.png,maglietta a maniche corte
tshirt_735.png,maglietta a maniche corte
tshirt_737.png,maglietta a maniche corte
tshirt_738.png,maglietta a maniche corte
tshirt_739.png,tank top
tshirt_74.png,maglietta a maniche corte
tshirt_740.png,maglietta a maniche corte
tshirt_741.png,maglietta a maniche corte
tshirt_742.png,maglietta a maniche corte
tshirt_743.png,maglietta a maniche corte
tshirt_744.png,maglietta a maniche corte
tshirt_745.png,tank top
tshirt_746.png,maglietta a maniche corte
tshirt_747.png,maglietta a maniche corte
tshirt_749.png,maglietta a maniche corte
tshirt_75.png,maglietta a maniche corte
tshirt_750.png,maglietta a maniche corte
tshirt_751.png,maglietta a maniche lunghe
tshirt_754.png,maglietta a maniche corte
tshirt_755.png,tank top
tshirt_756.png,maglietta a maniche corte
tshirt_759.png,body
tshirt_76.png,maglietta a maniche corte
tshirt_760.png,tank top
tshirt_761.png,tank top
tshirt_762.png,maglietta a maniche corte
tshirt_764.png,maglietta a maniche corte
tshirt_766.png,top
tshirt_769.png,maglietta a maniche corte
tshirt_77.png,maglietta a maniche corte
tshirt_770.png,tank top
tshirt_774.png,body
tshirt_776.png,maglietta a maniche corte
tshirt_777.png,maglietta a maniche corte
tshirt_778.png,maglietta a maniche corte
tshirt_779.png,maglietta a maniche corte
tshirt_78.png,maglietta a maniche corte
tshirt_780.png,tank top
tshirt_781.png,maglietta a maniche corte
tshirt_782.png,maglietta a maniche corte
tshirt_783.png,maglietta a maniche corte
tshirt_784.png,maglietta a maniche corte
tshirt_786.png,maglietta a maniche corte
tshirt_787.png,maglietta a maniche corte
tshirt_788.png,tank top
tshirt_789.png,tank top
tshirt_79.png,maglietta a maniche corte
tshirt_790.png,maglietta a maniche corte
tshirt_791.png,maglietta a maniche corte
tshirt_792.png,maglietta a maniche corte
tshirt_794.png,maglietta a maniche corte
tshirt_795.png,maglietta a maniche corte
tshirt_797.png,maglietta a maniche corte
tshirt_798.png,maglietta a maniche corte
tshirt_8.png,maglietta a maniche corte
tshirt_80.png,maglietta a maniche corte
tshirt_800.png,maglietta a maniche corte
tshirt_801.png,maglietta a maniche corte
tshirt_804.png,maglietta a maniche corte
tshirt_805.png,maglietta a maniche corte
tshirt_806.png,maglietta a maniche corte
tshirt_81.png,tank top
tshirt_810.png,maglietta a maniche lunghe
tshirt_811.png,maglietta a maniche corte
tshirt_812.png,maglietta a maniche corte
tshirt_813.png,maglietta a maniche corte
tshirt_816.png,body
tshirt_817.png,maglietta a maniche corte
tshirt_818.png,maglietta a maniche corte
tshirt_819.png,maglietta a maniche corte
tshirt_82.png,tank top
tshirt_820.png,maglietta a maniche lunghe
tshirt_824.png,maglietta a maniche corte
tshirt_83.png,maglietta a maniche corte
tshirt_830.png,maglietta a maniche corte
tshirt_831.png,tank top
tshirt_832.png,maglietta a maniche lunghe
tshirt_833.png,maglietta a maniche corte
tshirt_834.png,maglietta a maniche corte
tshirt_835.png,maglietta a maniche corte
tshirt_84.png,maglietta a maniche corte
tshirt_840.png,maglietta a maniche corte
tshirt_841.png,maglietta a maniche corte
tshirt_842.png,body
tshirt_843.png,maglietta a maniche lunghe
tshirt_844.png,top
tshirt_845.png,maglietta a maniche corte
tshirt_846.png,tank top
tshirt_847.png,maglietta a maniche corte
tshirt_848.png,maglietta a maniche corte
tshirt_849.png,tank top
tshirt_85.png,maglietta a maniche corte
tshirt_850.png,maglietta a maniche corte
tshirt_851.png,maglietta a maniche corte
tshirt_852.png,maglietta a maniche corte
tshirt_853.png,maglietta a maniche corte
tshirt_854.png,maglietta a maniche corte
tshirt_856.png,maglietta a maniche corte
tshirt_857.png,maglietta a maniche corte
tshirt_858.png,maglietta a maniche corte
tshirt_859.png,maglietta a maniche corte
tshirt_86.png,maglietta a maniche corte
tshirt_860.png,maglietta a maniche corte
tshirt_861.png,maglietta a maniche corte
tshirt_863.png,tank top
tshirt_864.png,maglietta a maniche corte
tshirt_868.png,maglietta a maniche corte
tshirt_869.png,maglietta a maniche corte
tshirt_87.png,maglietta a maniche corte
tshirt_870.png,maglietta a maniche corte
tshirt_871.png,maglietta a maniche corte
tshirt_872.png,maglietta a maniche corte
tshirt_873.png,maglietta a maniche corte
tshirt_874.png,maglietta a maniche corte
tshirt_88.png,maglietta a maniche corte
tshirt_880.png,maglietta a maniche corte
tshirt_881.png,maglietta a maniche corte
tshirt_884.png,maglietta a maniche corte
tshirt_885.png,maglietta a maniche corte
tshirt_886.png,maglietta a maniche corte
tshirt_887.png,maglietta a maniche corte
tshirt_888.png,top
tshirt_889.png,maglietta a maniche corte
tshirt_890.png,maglietta a maniche corte
tshirt_891.png,maglietta a maniche lunghe
tshirt_892.png,maglietta a maniche corte
tshirt_893.png,maglietta a maniche corte
tshirt_895.png,maglietta a maniche corte
tshirt_896.png,maglietta a maniche corte
tshirt_897.png,maglietta a maniche corte
tshirt_898.png,tank top
tshirt_899.png,maglietta a maniche corte
tshirt_9.png,tank top
tshirt_900.png,maglietta a maniche corte
tshirt_901.png,maglietta a maniche corte
tshirt_902.png,maglietta a maniche corte
tshirt_903.png,maglietta a maniche corte
tshirt_904.png,tank top
tshirt_905.png,maglietta a maniche corte
tshirt_906.png,maglietta a maniche corte
tshirt_907.png,maglietta a maniche corte
tshirt_908.png,maglietta a maniche corte
tshirt_909.png,maglietta a maniche corte
tshirt_91.png,maglietta a maniche corte
tshirt_910.png,maglietta a maniche corte
tshirt_911.png,maglietta a maniche corte
tshirt_912.png,tank top
tshirt_913.png,maglietta a maniche corte
tshirt_915.png,maglietta a maniche corte
tshirt_916.png,maglietta a maniche corte
tshirt_918.png,maglietta a maniche corte
tshirt_919.png,tank top
tshirt_920.png,maglietta a maniche corte
tshirt_921.png,maglietta a maniche corte
tshirt_922.png,maglietta a maniche corte
tshirt_923.png,tank top
tshirt_924.png,tank top
tshirt_925.png,maglietta a maniche corte
tshirt_927.png,body
tshirt_928.png,maglietta a maniche corte
tshirt_929.png,maglietta a maniche corte
tshirt_93.png,maglietta a maniche corte
tshirt_930.png,maglietta a maniche lunghe
tshirt_931.png,maglietta a maniche corte
tshirt_934.png,maglietta a maniche corte
tshirt_935.png,maglietta a maniche corte
tshirt_936.png,maglietta a maniche corte
tshirt_938.png,tank top
tshirt_939.png,maglietta a maniche corte
tshirt_94.png,maglietta a maniche corte
tshirt_940.png,maglietta a maniche corte
tshirt_941.png,tank top
tshirt_942.png,maglietta a maniche corte
tshirt_944.png,maglietta a maniche corte
tshirt_946.png,maglietta a maniche corte
tshirt_948.png,maglietta a maniche corte
tshirt_949.png,maglietta a maniche corte
tshirt_950.png,maglietta a maniche corte
tshirt_951.png,maglietta a maniche corte
tshirt_952.png,maglietta a maniche corte
tshirt_954.png,tank top
tshirt_955.png,maglietta a maniche corte
tshirt_956.png,maglietta a maniche corte
tshirt_957.png,maglietta a maniche corte
tshirt_958.png,maglietta a maniche corte
tshirt_959.png,maglietta a maniche corte
tshirt_96.png,maglietta a maniche corte
tshirt_960.png,maglietta a maniche corte
tshirt_961.png,maglietta a maniche corte
tshirt_962.png,maglietta a maniche corte
tshirt_963.png,maglietta a maniche corte
tshirt_965.png,maglietta a maniche corte
tshirt_966.png,maglietta a maniche corte
tshirt_967.png,maglietta a maniche corte
tshirt_968.png,maglietta a maniche corte
tshirt_969.png,tank top
tshirt_97.png,maglietta a maniche corte
tshirt_970.png,maglietta a maniche corte
tshirt_971.png,top
tshirt_972.png,maglietta a maniche corte
tshirt_973.png,tank top
tshirt_974.png,maglietta a maniche corte
tshirt_975.png,maglietta a maniche corte
tshirt_976.png,maglietta a maniche corte
tshirt_977.png,maglietta a maniche corte
tshirt_978.png,maglietta a maniche corte
tshirt_979.png,maglietta a maniche corte
tshirt_98.png,maglietta a maniche corte
tshirt_980.png,maglietta a maniche corte
tshirt_981.png,maglietta a maniche corte
tshirt_982.png,tank top
tshirt_983.png,maglietta a maniche corte
tshirt_984.png,maglietta a maniche corte
tshirt_985.png,maglietta a maniche corte
tshirt_986.png,maglietta a maniche corte
tshirt_987.png,maglietta a maniche lunghe
tshirt_988.png,maglietta a maniche corte
tshirt_989.png,maglietta a maniche lunghe
tshirt_99.png,tank top
tshirt_990.png,maglietta a maniche corte
tshirt_991.png,maglietta a maniche corte
tshirt_992.png,maglietta a maniche corte
tshirt_993.png,maglietta a maniche corte
tshirt_994.png,maglietta a maniche corte
tshirt_995.png,maglietta a maniche corte
tshirt_996.png,maglietta a maniche corte
tshirt_997.png,maglietta a maniche corte
tshirt_998.png,maglietta a maniche corte
tshirt_999.png,maglietta a maniche corte